,y_test,RF.pred,lda.pred$class,naivebayes.pred,lasso.pred,knn.pred,svm.pred,stacking.pred
1,1,1,2,1,1,1,4,1
4,1,1,1,1,1,1,1,1
11,1,1,2,2,2,1,2,1
16,1,1,2,1,2,1,2,1
18,1,1,1,1,1,1,1,1
19,1,1,1,1,1,1,1,1
21,1,1,4,1,1,1,1,1
23,1,1,1,2,1,1,1,1
31,1,1,1,1,1,1,1,1
33,1,1,1,2,1,1,1,1
34,1,1,1,1,1,1,1,1
46,1,1,1,1,1,1,1,1
47,1,1,2,1,2,1,2,1
51,1,4,2,5,2,4,4,4
58,1,1,1,1,1,1,1,1
59,1,1,1,1,1,1,1,1
64,1,1,1,2,1,1,1,1
70,1,1,1,1,1,1,1,1
84,1,1,2,2,1,1,1,1
92,1,1,1,1,1,1,1,1
96,1,1,1,1,1,1,1,1
99,1,1,1,1,1,1,1,1
107,1,1,1,1,1,1,1,1
112,1,1,1,1,1,1,1,1
119,1,1,2,2,1,1,1,1
133,1,1,4,5,4,1,5,1
145,1,1,1,1,1,1,1,1
147,1,1,1,1,1,1,1,1
153,1,1,1,1,1,1,1,1
156,1,1,1,1,1,1,1,1
161,1,4,3,4,3,4,4,4
163,1,1,1,5,1,1,1,1
171,1,1,1,1,1,1,1,1
172,1,1,1,1,1,1,1,1
178,1,1,1,1,1,1,1,1
185,1,1,2,2,2,1,1,1
187,1,1,1,1,1,1,1,1
191,1,1,1,1,1,1,1,1
194,1,1,1,5,5,1,1,1
195,1,1,4,5,4,1,1,1
197,1,1,1,1,1,1,1,1
198,1,1,1,1,1,1,1,1
200,1,1,4,1,1,1,1,1
206,1,1,4,1,4,1,4,1
207,1,4,5,2,4,4,4,4
214,1,5,1,5,1,1,5,1
216,1,1,1,1,1,1,1,1
218,1,1,1,1,1,1,1,1
219,1,1,1,1,1,1,1,1
236,1,1,4,1,4,1,4,1
242,1,1,2,1,1,1,1,1
253,1,1,1,1,1,1,1,1
262,1,1,1,5,1,1,1,1
267,1,1,1,1,1,1,1,1
270,1,1,2,2,1,1,1,1
277,1,1,1,2,1,1,1,1
286,1,1,2,2,1,1,1,1
289,1,1,1,1,1,1,1,1
298,1,1,1,1,1,1,1,1
308,1,1,1,1,1,1,1,1
315,1,1,4,4,4,1,1,1
318,1,1,1,1,1,1,1,1
323,1,1,1,1,1,1,1,1
325,1,1,1,1,1,1,1,1
327,1,1,4,1,4,1,4,1
344,1,1,1,1,1,1,1,1
346,1,1,1,1,1,1,1,1
347,1,1,1,5,1,1,1,1
349,1,1,1,1,1,1,1,1
368,1,1,5,5,5,1,1,1
369,1,5,4,5,4,5,5,5
370,1,1,1,1,1,1,1,1
378,1,1,5,5,5,1,1,1
380,1,1,4,1,4,1,1,1
384,1,1,1,5,4,1,1,1
386,1,1,1,1,1,1,1,1
390,1,1,2,1,2,1,4,1
397,1,1,1,1,1,1,1,1
399,1,1,5,5,5,1,1,1
404,1,1,1,1,1,1,1,1
411,1,1,4,1,4,1,4,1
414,1,1,1,1,1,1,1,1
420,1,1,1,1,1,1,1,1
421,1,1,4,1,2,1,4,1
426,1,1,1,4,1,1,1,1
431,1,1,4,1,1,1,1,1
440,1,1,1,1,1,1,1,1
441,1,1,5,5,5,1,1,1
442,1,1,4,1,1,1,4,1
448,1,1,4,1,1,1,1,1
467,1,1,2,1,2,1,1,1
474,1,1,1,1,1,1,1,1
476,1,1,1,1,1,1,1,1
481,1,1,1,1,1,1,1,1
483,1,1,2,1,2,1,4,1
491,1,1,1,1,1,1,1,1
492,1,1,1,1,5,1,1,1
494,1,4,4,1,4,4,4,4
508,1,1,1,1,1,1,1,1
514,1,1,4,1,4,1,1,1
518,1,1,1,1,1,1,1,1
521,1,1,2,1,1,1,1,1
524,1,1,1,1,1,1,1,1
527,1,1,5,1,5,5,5,5
532,1,1,1,1,1,1,1,1
537,1,1,4,1,4,1,4,1
543,1,1,1,1,1,1,1,1
548,1,1,1,1,1,1,1,1
552,1,1,4,4,4,1,1,1
557,1,1,4,1,4,1,1,1
563,1,1,1,1,1,1,1,1
564,1,1,1,1,1,1,1,1
574,1,1,4,1,1,1,4,1
583,1,1,1,5,1,1,1,1
590,1,1,1,1,1,1,1,1
599,1,1,1,1,1,1,1,1
603,1,1,1,5,1,1,1,1
604,1,4,1,4,4,4,4,4
607,1,1,1,1,1,1,1,1
608,1,1,1,5,5,1,1,1
609,1,1,4,5,1,1,1,1
613,1,1,1,1,1,1,1,1
614,1,1,1,5,1,1,1,1
628,1,1,1,1,1,1,1,1
630,1,1,4,1,1,1,1,1
640,1,1,1,1,1,1,1,1
644,1,2,1,1,1,1,1,1
647,1,1,1,4,1,1,1,1
650,1,1,1,1,1,1,1,1
662,1,1,1,1,1,1,1,1
663,1,1,1,5,1,1,1,1
665,1,1,4,1,1,1,4,1
667,1,1,5,5,5,1,5,1
675,1,4,4,1,4,4,1,4
677,1,1,1,1,1,1,1,1
688,1,1,1,1,5,1,1,1
699,1,4,5,5,5,4,4,4
701,1,1,2,2,1,2,2,1
708,1,1,1,1,1,1,1,1
713,1,1,1,1,1,1,1,1
715,1,1,4,5,4,1,1,1
719,1,1,1,1,1,1,1,1
722,1,1,1,1,1,1,1,1
724,1,1,1,1,1,1,1,1
731,1,1,4,1,1,1,1,1
736,1,1,1,5,1,1,1,1
737,1,1,2,1,1,1,1,1
739,1,1,1,1,1,1,1,1
746,1,1,2,2,1,1,1,1
747,1,1,2,2,1,1,1,1
764,1,1,2,2,1,1,1,1
773,1,2,1,1,1,1,1,1
779,1,1,4,1,1,1,1,1
795,1,1,1,1,1,1,1,1
800,1,1,1,1,1,1,1,1
801,1,1,1,1,1,1,1,1
808,1,1,4,1,4,1,1,1
809,1,1,1,1,1,1,1,1
810,1,1,1,1,1,1,1,1
818,1,1,1,1,1,1,1,1
823,1,1,1,1,1,1,1,1
825,1,1,1,1,1,1,1,1
826,1,1,5,1,1,1,1,1
830,1,1,1,1,1,1,1,1
833,1,1,1,1,1,1,1,1
834,1,1,1,1,1,1,1,1
844,1,1,1,5,1,1,1,1
856,1,1,1,1,1,1,1,1
864,1,1,1,1,1,1,1,1
874,1,1,1,1,1,1,1,1
881,1,1,1,5,1,1,1,1
886,1,1,4,5,5,1,1,1
888,1,1,1,1,1,1,1,1
891,1,1,1,1,1,1,1,1
892,1,1,2,4,4,1,1,1
893,1,1,4,4,4,1,4,1
899,1,1,1,1,1,1,1,1
902,1,1,2,1,2,1,1,1
913,1,1,1,1,1,1,1,1
916,1,1,1,1,1,1,1,1
917,1,1,1,1,1,1,1,1
921,1,1,1,1,1,1,1,1
927,1,1,1,1,1,1,1,1
941,1,1,1,1,1,1,1,1
942,1,1,1,2,2,1,1,1
943,1,1,1,5,5,1,1,1
944,1,1,2,1,2,1,1,1
945,1,4,2,1,1,4,4,4
952,1,1,1,1,1,1,1,1
954,1,1,1,1,1,1,1,1
956,1,1,1,2,1,1,1,1
957,1,1,1,1,1,1,1,1
959,1,1,1,5,1,1,1,1
964,1,1,1,5,5,1,1,1
978,1,1,1,1,1,1,1,1
979,1,1,1,5,1,1,1,1
982,1,1,2,1,1,1,1,1
984,1,1,1,1,1,1,1,1
1010,1,1,1,1,1,1,1,1
1018,1,1,4,2,4,4,4,4
1020,1,1,1,1,1,1,1,1
1025,1,4,1,4,1,4,5,4
1026,1,1,1,1,1,1,1,1
1030,1,1,1,1,1,1,1,1
1031,1,1,1,1,1,1,1,1
1037,1,1,1,1,5,1,1,1
1043,1,1,1,5,1,1,1,1
1044,1,1,2,1,1,1,1,1
1047,1,1,1,1,1,1,1,1
1049,1,1,4,1,4,1,4,1
1067,1,1,1,1,1,1,1,1
1069,1,1,1,1,1,1,1,1
1075,1,1,4,1,1,1,1,1
1083,1,1,1,2,1,1,1,1
1086,1,1,1,1,1,1,1,1
1099,1,1,1,1,1,1,1,1
1100,1,1,1,1,1,1,1,1
1102,1,1,4,1,1,1,1,1
1114,1,1,5,1,5,1,1,1
1127,1,1,1,5,5,1,1,1
1132,1,1,1,5,1,1,1,1
1134,1,1,4,1,1,1,1,1
1141,1,1,1,1,1,1,1,1
1142,1,1,1,5,1,1,1,1
1144,1,1,4,1,1,1,1,1
1147,1,1,1,5,1,1,1,1
1155,1,2,2,2,2,2,2,2
1157,1,1,1,5,1,1,1,1
1168,1,1,1,2,1,1,1,1
1172,1,1,1,1,1,1,1,1
1177,1,1,1,1,1,1,1,1
1180,1,1,1,4,4,1,1,1
1182,1,1,1,1,1,1,1,1
1188,1,1,1,1,1,1,1,1
1191,1,1,5,5,5,1,1,1
1197,1,1,1,4,1,1,1,1
1204,1,1,1,2,1,1,1,1
1206,1,1,1,1,1,1,1,1
1212,1,4,5,5,5,1,4,4
1215,1,1,1,1,1,1,1,1
1216,1,1,1,1,1,1,1,1
1227,1,1,1,1,1,1,1,1
1239,1,1,1,1,1,1,1,1
1241,1,1,1,1,1,1,1,1
1243,1,1,1,1,1,1,1,1
1257,1,1,1,1,1,1,1,1
1263,1,1,1,1,1,1,1,1
1274,1,1,1,1,1,1,1,1
1276,1,1,5,5,5,1,1,1
1302,1,1,1,5,1,1,1,1
1308,1,1,5,5,5,1,1,1
1311,1,4,5,2,5,4,4,4
1315,1,5,5,4,5,5,5,5
1319,1,4,4,3,4,5,4,4
1324,1,1,1,1,1,1,1,1
1325,1,1,4,4,4,1,1,1
1339,1,1,2,1,1,1,1,1
1344,1,1,1,5,1,1,1,1
1346,1,1,1,1,1,1,1,1
1347,1,1,1,1,1,1,1,1
1350,1,1,2,1,2,1,1,1
1353,1,1,1,1,1,1,1,1
1366,1,1,5,5,5,1,1,1
1368,1,5,1,1,1,1,5,1
1370,1,1,1,1,1,1,1,1
1375,1,1,1,2,1,1,1,1
1376,1,1,1,5,1,1,1,1
1385,1,1,1,1,1,1,1,1
1390,1,1,1,1,1,1,1,1
1395,1,1,1,1,1,1,1,1
1402,1,1,1,1,1,1,1,1
1403,1,1,1,1,1,1,1,1
1404,1,1,4,1,1,1,1,1
1409,1,1,1,1,1,1,1,1
1411,1,1,1,1,1,1,1,1
1414,1,1,1,1,1,1,1,1
1418,1,1,1,1,1,1,1,1
1425,1,1,1,5,1,1,1,1
1436,1,1,1,1,1,1,1,1
1439,1,1,1,1,1,1,1,1
1441,1,1,1,1,1,1,1,1
1443,1,1,4,1,4,1,1,1
1444,1,1,1,2,1,1,1,1
1449,1,1,1,1,1,1,1,1
1453,1,1,5,5,5,1,1,1
1457,1,1,1,1,1,1,1,1
1462,1,1,1,2,1,1,1,1
1465,1,1,4,1,4,1,1,1
1471,1,1,1,1,1,1,1,1
1481,1,1,1,1,1,1,1,1
1482,1,1,1,1,1,1,1,1
1483,1,1,1,1,1,1,1,1
1485,1,1,5,5,5,1,1,1
1492,1,1,1,1,1,1,1,1
1505,1,1,1,1,1,1,1,1
1506,1,1,1,1,1,1,1,1
1509,1,1,1,1,1,1,1,1
1510,1,1,1,1,1,1,1,1
1524,1,1,1,1,1,1,1,1
1525,1,1,1,1,1,1,1,1
1532,1,1,1,1,1,1,1,1
1543,1,1,1,1,1,1,1,1
1546,1,1,1,1,1,1,1,1
1553,1,1,1,1,1,1,1,1
1554,1,1,1,1,1,1,1,1
1556,1,1,4,4,4,1,1,1
1557,1,1,1,2,1,1,1,1
1563,1,1,3,2,3,1,1,1
1568,1,1,2,1,2,1,4,1
1571,1,1,1,1,1,1,1,1
1575,1,1,4,1,1,1,1,1
1576,1,1,1,1,1,1,1,1
1577,1,1,1,1,1,1,1,1
1580,1,1,5,5,5,1,1,1
1583,1,1,1,1,1,1,1,1
1590,1,1,1,1,1,1,1,1
1594,1,1,4,1,4,1,1,1
1604,1,1,1,1,1,1,1,1
1605,1,1,1,2,1,1,1,1
1607,1,1,1,1,1,1,1,1
1611,1,1,4,4,4,1,4,1
1613,1,1,4,1,1,1,1,1
1615,1,1,1,1,1,1,1,1
1618,1,1,4,1,4,1,4,1
1619,1,1,1,2,1,1,1,1
1624,1,1,1,1,1,1,1,1
1627,1,1,1,5,1,1,1,1
1633,1,1,1,1,1,1,1,1
1641,1,1,1,2,1,1,1,1
1642,1,1,1,1,1,1,1,1
1645,1,1,4,1,1,1,1,1
1646,1,1,1,1,1,1,1,1
1648,1,1,1,1,1,1,1,1
1650,1,4,4,1,1,4,4,4
1652,1,1,1,1,1,1,1,1
1655,1,2,4,1,4,1,2,2
1656,1,1,1,1,1,1,1,1
1662,1,1,2,2,1,1,2,1
1664,1,1,1,1,1,1,1,1
1667,1,1,1,1,1,1,1,1
1668,1,1,1,1,1,1,1,1
1669,1,1,1,1,1,1,1,1
1676,1,1,1,1,1,1,1,1
1686,1,1,1,5,1,1,1,1
1689,1,1,1,1,1,1,1,1
1692,1,1,5,5,5,1,1,1
1697,1,1,1,1,1,1,1,1
1698,1,1,1,1,1,1,1,1
1705,1,1,1,1,1,1,1,1
1711,1,1,4,4,5,1,1,1
1713,1,1,1,2,1,1,1,1
1714,1,1,1,1,1,1,1,1
1717,1,1,1,4,1,1,1,1
1719,1,1,1,1,1,1,1,1
1721,1,1,1,1,1,1,1,1
1722,1,1,1,5,5,1,1,1
1724,1,1,1,1,1,1,1,1
1728,1,1,1,2,1,1,1,1
1731,1,1,1,1,1,1,1,1
1733,1,1,1,1,1,1,1,1
1740,1,1,5,5,5,1,1,1
1741,1,1,4,4,4,1,1,1
1743,1,1,4,1,1,1,1,1
1745,1,1,1,1,1,1,1,1
1759,1,1,1,1,1,1,1,1
1760,1,1,1,1,1,1,1,1
1762,1,1,5,5,5,1,1,1
1783,1,1,1,1,1,1,1,1
1786,1,1,1,1,1,1,1,1
1789,1,1,1,1,1,1,1,1
1793,1,1,1,2,1,1,1,1
1796,1,1,4,1,1,1,1,1
1798,1,1,1,1,1,1,1,1
1803,1,1,1,1,1,1,1,1
1804,1,1,1,2,1,1,1,1
1817,1,1,4,1,4,1,1,1
1819,1,1,1,1,1,1,1,1
1822,1,1,1,1,1,1,1,1
1834,1,1,1,1,1,1,1,1
1839,1,1,4,1,4,1,1,1
1843,1,1,1,1,1,1,1,1
1847,1,1,1,2,1,1,1,1
1857,1,1,1,1,1,1,1,1
1859,1,2,2,4,1,2,2,2
1865,1,1,2,1,2,1,1,1
1871,1,1,1,1,1,1,1,1
1873,1,1,1,1,1,1,1,1
1877,1,1,1,1,1,1,4,1
1886,1,1,1,1,1,1,1,1
1888,1,5,4,5,4,1,5,5
1890,1,1,1,1,1,1,1,1
1894,1,1,1,1,1,1,1,1
1899,1,1,1,1,1,1,1,1
1903,1,1,1,1,1,1,1,1
1906,1,1,1,1,1,1,1,1
1908,1,1,1,1,1,1,1,1
1915,1,1,1,1,1,1,1,1
1918,1,1,1,5,1,1,1,1
1925,1,1,2,2,2,1,2,1
1930,1,1,4,1,1,1,1,1
1931,1,1,4,1,4,1,4,1
1941,1,1,4,4,1,1,1,1
1944,1,1,1,1,1,1,1,1
1945,1,1,1,1,1,1,1,1
1948,1,1,1,1,1,1,1,1
1950,1,1,1,1,1,1,1,1
1957,1,1,1,1,1,1,1,1
1958,1,1,1,1,1,1,1,1
1961,1,1,1,1,1,1,1,1
1978,1,1,1,1,1,1,1,1
1979,1,1,1,1,1,1,1,1
1994,1,1,1,1,1,1,1,1
1995,1,1,1,5,1,1,1,1
1999,1,1,1,1,1,1,1,1
2000,1,1,1,1,1,1,1,1
2003,1,1,1,1,1,1,1,1
2004,1,1,1,2,1,1,1,1
2005,1,1,1,1,1,1,1,1
2013,1,1,1,1,1,1,1,1
2017,1,1,1,5,1,1,1,1
2018,1,1,4,1,4,1,1,1
2023,1,1,1,5,1,1,1,1
2032,1,1,1,1,1,1,1,1
2036,1,4,1,5,1,4,1,1
2043,1,1,1,1,1,1,1,1
2054,1,1,1,1,1,1,1,1
2055,1,1,1,1,1,1,1,1
2062,1,1,5,5,5,1,1,1
2065,1,1,1,1,1,1,1,1
2079,1,1,1,1,1,1,1,1
2080,1,1,1,1,1,1,1,1
2083,1,1,4,4,4,1,1,1
2099,1,1,1,1,1,1,1,1
2108,1,1,1,1,1,1,5,1
2109,1,5,3,3,3,4,4,4
2120,1,1,1,5,1,1,1,1
2130,1,1,1,1,1,1,1,1
2134,1,1,5,1,5,1,5,1
2136,1,1,5,5,5,1,1,1
2146,1,1,1,1,1,1,1,1
2152,1,1,1,1,1,1,1,1
2158,1,1,1,1,1,1,1,1
2164,1,1,4,1,4,1,1,1
2165,1,1,1,1,1,1,1,1
2166,1,1,5,1,5,1,4,1
2168,1,1,1,1,1,1,1,1
2179,1,1,4,1,1,1,1,1
2181,1,1,1,1,1,1,1,1
2183,1,1,1,4,4,1,1,1
2184,1,1,4,1,1,1,1,1
2186,1,1,1,1,1,1,1,1
2187,1,1,1,1,1,1,1,1
2194,1,1,1,1,1,1,1,1
2202,1,1,1,1,1,1,1,1
2203,1,1,1,1,1,1,1,1
2205,1,1,2,2,1,1,1,1
2212,1,1,4,1,1,1,4,1
2214,1,1,1,1,1,1,1,1
2220,1,1,4,1,4,1,1,1
2226,1,4,4,1,4,4,4,4
2243,1,1,1,1,1,1,1,1
2247,1,1,1,1,1,1,1,1
2249,1,1,1,1,1,1,1,1
2257,1,1,1,2,2,1,1,1
2258,1,1,1,1,1,1,4,1
2259,1,1,1,1,1,1,1,1
2260,1,1,4,1,4,1,4,1
2272,1,1,1,1,1,1,1,1
2273,1,1,1,1,1,1,1,1
2275,1,1,2,1,2,1,1,1
2278,1,1,1,1,1,1,1,1
2284,1,1,1,5,1,1,1,1
2295,1,1,1,5,4,1,1,1
2299,1,1,1,1,1,1,1,1
2301,1,1,2,1,2,1,4,1
2302,1,1,4,2,1,1,1,1
2304,1,1,1,1,1,1,1,1
2311,1,4,2,1,2,1,4,4
2319,1,1,1,2,1,1,1,1
2323,1,1,1,1,1,4,4,1
2333,1,1,1,1,1,1,1,1
2336,1,1,1,1,1,1,1,1
2355,1,1,1,1,1,1,1,1
2367,1,1,1,1,1,1,1,1
2372,1,1,1,1,1,1,1,1
2381,1,1,2,1,2,1,3,1
2383,1,1,1,1,1,1,1,1
2395,1,1,1,1,1,1,1,1
2403,1,5,1,5,1,1,1,1
2404,1,1,1,1,1,1,1,1
2409,1,1,5,1,5,1,1,1
2419,1,1,1,1,1,1,1,1
2422,1,1,2,2,1,1,1,1
2432,1,1,2,1,2,1,4,1
2433,1,1,1,2,1,1,1,1
2439,1,1,1,1,1,1,1,1
2444,1,1,1,1,1,1,1,1
2457,1,1,1,1,1,1,1,1
2459,1,1,2,1,2,1,1,1
2464,1,1,1,1,1,1,1,1
2481,1,5,4,5,5,5,5,5
2487,1,1,1,1,1,1,1,1
2490,1,1,1,1,1,1,1,1
2491,1,1,4,1,4,1,1,1
2493,1,1,1,1,1,1,1,1
2509,1,1,1,1,1,1,1,1
2519,1,1,4,1,4,1,1,1
2520,1,1,1,1,1,1,1,1
2523,1,4,1,4,1,4,4,4
2532,1,1,1,2,1,1,1,1
2533,1,1,1,1,1,1,1,1
2543,1,1,1,2,1,1,1,1
2546,1,1,4,1,4,1,1,1
2551,1,1,4,1,1,1,1,1
2555,1,1,1,1,1,1,1,1
2560,1,1,1,1,1,1,1,1
2579,1,1,2,1,4,1,1,1
2586,1,1,1,1,1,1,1,1
2591,1,1,1,2,1,1,1,1
2592,1,1,1,1,1,1,1,1
2595,1,1,1,1,1,1,1,1
2596,1,1,1,1,1,1,1,1
2601,1,1,1,1,1,1,1,1
2610,1,1,5,5,5,1,1,1
2619,1,1,1,2,1,1,1,1
2623,1,1,1,2,1,1,1,1
2627,1,1,1,4,1,1,1,1
2629,1,1,1,1,1,1,1,1
2633,1,1,1,1,1,1,1,1
2648,1,1,4,1,4,1,1,1
2651,1,1,1,1,1,1,1,1
2656,1,1,1,1,1,1,1,1
2657,1,1,1,1,1,1,1,1
2673,1,1,1,1,1,1,1,1
2682,1,1,1,1,1,1,1,1
2687,1,1,1,1,1,1,1,1
2695,1,1,1,1,1,1,1,1
2696,1,1,1,1,1,1,1,1
2697,1,1,1,1,1,1,1,1
2702,1,1,1,1,1,1,1,1
2708,1,4,1,5,4,4,1,4
2720,1,1,1,5,4,1,1,1
2724,1,1,1,1,1,1,1,1
2732,1,1,3,4,3,1,1,1
2736,1,1,5,5,5,1,5,1
2737,1,1,5,5,5,1,1,1
2746,1,1,1,1,1,1,1,1
2753,1,4,1,5,1,4,1,1
2764,1,1,4,4,4,2,1,1
2766,1,1,1,1,1,1,1,1
2770,1,1,4,5,4,1,1,1
2771,1,1,5,1,5,1,5,1
2777,1,4,4,1,4,1,1,1
2778,1,1,1,1,1,1,1,1
2782,1,1,1,1,1,1,1,1
2784,1,1,1,1,1,1,1,1
2791,1,1,5,5,5,1,1,1
2794,1,1,1,1,1,1,1,1
2813,1,1,4,1,4,1,4,1
2814,1,1,1,2,1,1,1,1
2818,1,1,1,1,1,1,1,1
2834,1,1,5,5,5,1,1,1
2836,1,1,1,1,1,1,1,1
2855,1,1,1,1,1,1,1,1
2865,1,1,1,2,1,1,1,1
2866,1,1,1,1,1,1,1,1
2869,1,4,2,2,4,4,4,4
2875,1,1,1,1,1,1,1,1
2882,1,1,1,1,1,1,1,1
2883,1,1,1,1,1,1,1,1
2885,1,1,2,1,1,1,1,1
2889,1,1,1,1,1,1,1,1
2894,1,1,1,1,1,1,1,1
2895,1,1,1,1,1,1,1,1
2898,1,1,2,2,1,1,1,1
2904,1,1,1,1,1,1,1,1
2906,1,1,1,1,1,1,1,1
2913,1,5,1,5,1,5,5,5
2918,1,1,1,1,1,1,1,1
2925,1,5,1,5,1,1,5,1
2939,1,1,1,1,1,1,1,1
2940,1,1,1,1,1,1,1,1
2941,1,1,1,1,1,1,1,1
2951,1,1,1,1,1,1,1,1
2961,1,2,2,2,2,2,2,2
2962,1,1,1,2,1,1,1,1
2965,1,1,1,1,1,1,1,1
2973,1,1,5,5,5,1,1,1
2979,1,1,1,1,1,1,1,1
2987,1,1,1,1,1,1,1,1
3002,1,1,1,1,1,1,4,1
3006,1,1,1,4,4,1,1,1
3014,1,1,1,1,1,1,1,1
3017,1,1,4,4,4,1,1,1
3023,1,1,1,1,1,1,1,1
3024,1,1,1,1,1,1,1,1
3025,1,1,1,1,1,1,1,1
3030,1,1,1,1,1,1,1,1
3035,1,5,5,1,5,5,5,5
3038,1,1,5,5,5,1,1,1
3043,1,1,1,5,4,1,1,1
3056,1,1,1,1,1,1,1,1
3057,1,1,5,5,5,1,1,1
3059,1,1,1,1,1,1,1,1
3068,1,1,1,1,1,1,1,1
3077,1,1,4,1,1,1,1,1
3080,1,1,1,1,1,1,1,1
3085,1,1,1,1,1,1,1,1
3086,1,1,1,5,1,1,1,1
3104,1,1,4,1,1,1,1,1
3105,1,1,1,1,1,1,1,1
3111,1,1,1,1,1,1,1,1
3121,1,1,1,1,1,1,1,1
3124,1,1,1,1,1,1,1,1
3128,1,1,1,5,1,1,1,1
3138,1,1,1,1,1,1,1,1
3147,1,1,1,1,1,1,1,1
3154,1,1,4,1,4,1,1,1
3160,1,1,1,1,1,1,1,1
3162,1,1,1,1,1,1,1,1
3170,1,1,4,1,4,1,1,1
3184,1,2,1,2,1,1,1,1
3185,1,1,1,5,1,1,1,1
3188,1,1,1,1,1,1,1,1
3190,1,1,1,1,1,1,1,1
3191,1,5,4,4,4,5,5,5
3201,1,1,1,1,1,1,1,1
3203,1,1,2,1,1,1,1,1
3204,1,1,1,1,1,1,1,1
3207,1,1,5,5,5,1,1,1
3211,1,1,1,1,1,1,1,1
3213,1,1,1,1,1,1,1,1
3216,1,1,1,1,1,1,1,1
3217,1,1,1,1,1,1,1,1
3228,1,1,1,1,1,1,1,1
3232,1,1,1,1,1,1,1,1
3239,1,1,1,1,1,1,1,1
3240,1,5,5,5,5,1,1,1
3243,1,1,1,1,1,1,1,1
3252,1,1,1,1,1,1,1,1
3253,1,1,1,1,1,1,1,1
3256,1,1,1,5,1,1,1,1
3260,1,1,1,2,1,1,1,1
3274,2,2,2,2,2,2,2,2
3280,2,2,2,2,2,2,2,2
3297,2,2,2,2,2,2,2,2
3299,2,2,2,2,2,2,2,2
3301,2,2,2,2,2,2,2,2
3302,2,2,2,2,2,2,2,2
3304,2,2,2,4,4,2,2,2
3310,2,2,2,2,2,2,2,2
3313,2,2,2,2,2,2,2,2
3342,2,2,2,2,2,2,2,2
3344,2,2,1,2,2,2,2,2
3348,2,2,2,2,2,2,2,2
3362,2,3,2,4,4,2,2,2
3370,2,2,2,2,2,2,2,2
3379,2,2,2,2,2,2,2,2
3380,2,2,2,2,2,2,2,2
3383,2,2,2,2,2,2,2,2
3384,2,2,2,1,2,2,2,2
3388,2,2,2,2,2,2,2,2
3389,2,2,2,2,2,2,2,2
3393,2,2,2,2,2,2,2,2
3395,2,2,2,1,2,2,2,2
3406,2,2,2,2,2,2,2,2
3420,2,2,2,2,2,2,2,2
3422,2,2,2,2,2,2,2,2
3433,2,2,2,2,2,2,2,2
3445,2,2,2,2,2,2,2,2
3450,2,2,2,2,2,2,2,2
3457,2,2,2,2,2,2,2,2
3458,2,2,2,2,2,2,2,2
3462,2,2,2,4,4,2,2,2
3478,2,2,2,4,2,2,2,2
3480,2,2,2,2,2,2,2,2
3509,2,2,2,2,2,2,2,2
3519,2,2,2,4,4,2,2,2
3521,2,2,2,2,2,2,2,2
3525,2,2,2,2,2,2,2,2
3529,2,2,2,2,2,2,2,2
3530,2,3,2,2,2,2,3,2
3532,2,2,2,2,2,2,2,2
3540,2,2,2,2,2,2,2,2
3541,2,2,2,2,2,2,2,2
3542,2,2,2,2,2,2,2,2
3546,2,2,2,2,2,2,2,2
3552,2,2,2,2,2,2,2,2
3554,2,2,2,2,2,2,2,2
3555,2,2,2,2,2,2,2,2
3559,2,2,2,2,2,2,2,2
3563,2,2,2,2,2,2,2,2
3567,2,2,2,2,2,2,2,2
3570,2,2,2,2,2,2,2,2
3572,2,2,2,2,2,2,2,2
3582,2,2,2,2,2,2,2,2
3586,2,2,2,2,2,2,2,2
3587,2,2,2,2,2,2,2,2
3597,2,2,2,2,2,2,2,2
3602,2,2,1,2,2,2,2,2
3603,2,2,1,4,2,2,2,2
3611,2,2,2,2,2,2,2,2
3613,2,2,1,2,2,2,2,2
3617,2,2,2,2,2,2,2,2
3619,2,2,2,2,2,2,2,2
3625,2,2,2,2,2,2,2,2
3627,2,2,2,2,2,2,2,2
3634,2,2,2,2,2,2,2,2
3636,2,2,2,2,2,2,2,2
3639,2,2,2,2,2,2,2,2
3645,2,2,2,2,2,2,2,2
3646,2,2,2,2,2,2,2,2
3647,2,2,2,2,2,2,2,2
3655,2,2,2,2,2,2,2,2
3659,2,2,2,2,2,2,2,2
3662,2,2,2,2,2,2,2,2
3666,2,3,2,2,2,2,2,2
3668,2,5,4,1,4,5,5,5
3677,2,2,2,2,2,2,2,2
3678,2,2,2,2,2,2,2,2
3688,2,2,2,2,2,2,2,2
3689,2,3,3,2,3,3,3,3
3694,2,2,2,2,2,2,2,2
3695,2,2,2,2,2,2,2,2
3701,2,2,2,2,2,2,2,2
3708,2,2,1,2,2,2,2,2
3716,2,2,2,2,2,2,2,2
3717,2,2,2,2,2,2,2,2
3719,2,2,1,2,1,2,2,2
3725,2,2,2,2,2,2,2,2
3728,2,2,1,2,2,2,2,2
3732,2,2,2,2,2,2,2,2
3733,2,2,2,2,2,2,2,2
3740,2,2,2,4,2,2,2,2
3743,2,2,2,2,2,2,2,2
3745,2,2,2,2,2,2,2,2
3749,2,2,2,2,2,2,2,2
3754,2,2,2,2,2,2,2,2
3761,2,2,2,2,2,2,2,2
3762,2,2,2,2,2,2,2,2
3764,2,2,2,2,2,2,2,2
3767,2,2,2,2,2,2,2,2
3771,2,2,2,2,2,2,2,2
3781,2,2,2,2,2,2,2,2
3799,2,2,2,2,2,2,2,2
3802,2,2,2,2,2,1,2,2
3824,2,2,1,1,2,2,2,2
3829,2,2,2,2,2,2,2,2
3836,2,2,4,4,4,2,4,2
3841,2,2,2,2,2,2,2,2
3848,2,2,2,2,2,2,2,2
3853,2,2,2,2,2,2,2,2
3868,2,2,2,2,2,2,2,2
3873,2,2,2,2,2,2,2,2
3875,2,2,2,2,2,2,2,2
3878,2,2,2,2,2,2,2,2
3881,2,2,2,2,2,2,2,2
3883,2,2,2,2,2,2,2,2
3892,2,2,2,1,2,2,2,2
3902,2,4,4,4,4,1,2,4
3903,2,2,2,2,2,2,2,2
3907,2,2,2,2,2,2,2,2
3908,2,2,2,2,2,2,2,2
3915,2,2,2,2,2,2,2,2
3919,2,2,2,2,2,2,2,2
3936,2,2,2,4,4,2,2,2
3946,2,2,2,2,2,2,2,2
3951,2,2,2,2,2,2,2,2
3953,2,2,2,2,2,2,2,2
3955,2,2,2,1,2,2,2,2
3961,2,2,2,2,2,2,2,2
3962,2,2,2,2,2,2,2,2
3966,2,2,2,2,2,2,2,2
3971,2,2,2,2,2,2,2,2
3975,2,2,2,4,3,3,3,3
3978,2,2,2,2,2,2,2,2
3979,2,2,2,2,2,2,2,2
3983,2,2,2,1,2,2,2,2
3991,2,2,1,2,2,2,2,2
3994,2,2,2,2,2,2,2,2
3995,2,2,2,2,2,2,2,2
3997,2,2,2,2,2,2,2,2
4003,2,2,2,2,2,2,2,2
4008,2,2,2,2,2,2,2,2
4018,2,2,2,2,2,2,2,2
4022,2,2,2,2,2,2,2,2
4023,2,2,2,2,2,2,2,2
4032,2,1,2,1,2,1,2,1
4038,2,2,2,2,2,2,2,2
4040,2,2,2,2,2,2,2,2
4041,2,2,2,2,2,2,2,2
4043,2,2,1,2,2,2,2,2
4060,2,2,2,2,2,2,2,2
4074,2,2,2,2,2,2,2,2
4077,2,2,2,2,2,2,2,2
4082,2,2,2,2,2,2,2,2
4089,2,2,2,2,2,2,2,2
4099,2,2,2,2,2,2,2,2
4101,2,2,2,1,2,2,2,2
4103,2,2,2,2,2,2,2,2
4112,2,2,1,1,2,2,2,2
4115,2,2,2,2,2,2,2,2
4121,2,2,2,2,2,2,2,2
4122,2,2,2,2,2,2,2,2
4129,2,2,2,2,2,2,2,2
4135,2,2,2,1,2,2,2,2
4152,2,2,2,2,2,2,2,2
4164,2,2,1,2,2,2,2,2
4168,2,2,2,2,2,2,2,2
4173,2,2,2,1,2,2,2,2
4176,2,2,2,2,2,2,2,2
4179,2,2,2,2,2,2,2,2
4187,2,2,2,2,2,2,2,2
4194,2,2,2,2,2,2,2,2
4196,2,2,2,2,2,2,2,2
4199,2,2,2,2,2,2,2,2
4204,2,2,2,2,2,2,2,2
4210,2,2,2,2,2,2,2,2
4213,2,2,2,2,2,2,2,2
4222,2,2,2,2,2,2,2,2
4242,2,2,2,2,2,2,2,2
4244,2,2,2,2,2,2,2,2
4250,2,2,2,2,2,2,2,2
4252,2,2,2,2,2,2,2,2
4254,2,2,2,2,2,2,2,2
4258,2,2,2,2,2,2,2,2
4264,2,2,2,2,2,2,2,2
4266,2,2,2,2,2,2,2,2
4267,2,2,2,2,2,2,2,2
4272,2,2,1,1,1,2,1,1
4277,2,2,2,2,2,2,2,2
4278,2,2,2,2,2,2,2,2
4279,2,2,2,2,2,2,2,2
4288,2,2,2,2,2,2,2,2
4290,2,2,2,2,2,2,2,2
4300,2,2,2,2,2,2,2,2
4302,2,2,2,2,2,2,2,2
4314,2,2,2,2,2,2,2,2
4315,2,2,2,2,2,2,2,2
4317,2,2,2,2,2,2,2,2
4320,2,2,2,2,2,2,2,2
4323,2,2,2,2,2,2,2,2
4326,2,2,2,2,2,2,2,2
4332,2,2,2,2,2,2,2,2
4334,2,2,2,2,2,2,2,2
4339,2,2,2,2,2,2,2,2
4340,2,2,1,4,2,2,1,2
4346,2,2,2,2,2,2,2,2
4348,2,2,2,2,2,2,2,2
4350,2,2,2,2,2,2,2,2
4357,2,2,2,2,2,2,2,2
4364,2,2,2,2,2,2,2,2
4373,2,2,1,1,1,2,2,2
4379,2,2,4,4,4,4,2,2
4400,2,2,2,2,2,2,2,2
4402,2,2,1,1,1,2,2,2
4421,2,2,2,2,2,2,2,2
4426,2,2,2,2,2,2,2,2
4428,2,2,2,2,2,2,2,2
4442,2,2,2,2,2,2,2,2
4444,2,2,2,2,2,2,2,2
4445,2,2,2,2,2,2,2,2
4447,2,2,4,4,4,2,2,2
4458,2,2,1,2,2,2,2,2
4461,2,2,2,2,2,2,2,2
4466,2,2,2,2,2,2,2,2
4473,2,2,2,2,2,2,2,2
4476,2,2,2,2,2,2,2,2
4478,2,2,2,2,2,2,2,2
4481,2,2,1,1,2,2,2,2
4488,2,2,2,2,2,2,2,2
4489,2,2,2,2,2,2,2,2
4496,2,2,2,2,2,2,2,2
4499,2,2,2,2,2,2,2,2
4503,2,2,2,1,2,2,2,2
4506,2,2,2,2,2,2,2,2
4516,2,2,2,2,2,2,2,2
4518,2,2,2,2,2,2,2,2
4526,2,2,4,4,4,5,2,2
4530,2,2,2,2,2,2,2,2
4533,2,2,2,2,2,2,2,2
4544,2,2,2,2,2,2,2,2
4546,2,2,2,2,2,2,2,2
4557,2,2,2,2,2,2,2,2
4558,2,2,2,2,2,2,2,2
4571,2,2,4,1,2,2,2,2
4572,2,2,2,2,2,2,2,2
4575,2,2,2,2,2,2,2,2
4584,2,2,2,4,4,2,2,2
4585,2,2,2,2,2,2,2,2
4591,2,2,2,2,2,2,2,2
4595,2,2,2,2,2,2,2,2
4597,2,2,1,2,1,2,2,2
4598,2,2,1,1,1,2,2,2
4600,2,2,2,2,2,2,2,2
4601,2,2,2,2,2,2,2,2
4608,2,2,2,4,2,2,2,2
4612,2,2,2,2,2,2,2,2
4615,2,2,2,2,2,2,2,2
4618,2,2,2,2,2,2,2,2
4620,2,2,2,2,2,2,2,2
4622,2,2,2,2,2,2,2,2
4625,2,2,2,2,2,2,2,2
4640,2,2,2,2,2,2,2,2
4646,2,2,2,2,2,2,5,2
4652,2,2,2,2,2,2,2,2
4655,2,4,4,3,4,1,1,1
4662,2,2,2,2,2,2,2,2
4663,2,2,2,2,2,2,2,2
4676,2,2,1,2,1,2,2,2
4677,2,2,2,2,2,2,2,2
4682,2,2,2,2,2,2,2,2
4690,2,2,2,2,2,2,2,2
4692,2,4,4,4,4,2,4,4
4707,2,2,2,2,2,2,2,2
4708,2,2,2,2,2,2,2,2
4709,2,2,2,1,2,2,2,2
4713,2,2,2,2,2,2,2,2
4714,2,2,2,2,2,2,2,2
4723,2,2,2,2,2,2,2,2
4729,2,2,2,2,2,2,2,2
4735,2,2,2,2,2,2,2,2
4739,2,2,2,2,2,2,2,2
4744,2,2,2,2,2,2,2,2
4749,2,2,2,2,2,2,2,2
4756,2,2,2,2,2,2,2,2
4758,2,2,2,2,2,2,2,2
4762,2,2,2,2,2,2,2,2
4764,2,2,2,2,2,2,2,2
4769,2,2,2,2,2,2,2,2
4784,2,4,4,4,4,4,4,4
4793,2,2,2,2,2,2,2,2
4799,2,2,1,1,1,2,1,1
4818,2,2,2,2,2,2,2,2
4820,2,2,2,2,2,2,2,2
4823,2,2,2,4,2,2,2,2
4824,2,2,2,2,2,2,2,2
4830,2,2,2,2,2,2,2,2
4839,2,2,2,2,2,2,2,2
4843,2,2,2,4,2,2,2,2
4844,2,2,2,2,2,2,2,2
4847,2,2,2,2,2,2,2,2
4849,2,2,2,4,2,2,2,2
4854,2,2,2,1,2,2,2,2
4865,2,2,2,2,2,2,2,2
4866,2,2,2,2,2,2,2,2
4869,2,2,2,2,2,2,2,2
4876,2,2,2,2,2,2,2,2
4879,2,2,2,2,2,2,2,2
4880,2,2,2,2,2,2,2,2
4892,2,2,2,2,2,2,2,2
4896,2,2,2,2,2,2,2,2
4910,2,2,2,2,2,2,2,2
4912,2,2,2,2,2,2,2,2
4915,2,2,2,2,2,2,2,2
4916,2,2,2,2,2,2,2,2
4924,2,2,2,4,2,2,2,2
4934,2,2,2,1,2,2,2,2
4937,2,2,2,2,2,2,2,2
4941,2,1,4,4,4,1,2,1
4942,2,2,2,2,2,2,2,2
4945,2,2,2,2,2,2,2,2
4953,2,2,2,2,2,2,2,2
4955,2,2,2,2,2,2,2,2
4959,2,2,2,2,2,2,2,2
4964,2,2,2,2,2,2,2,2
4973,2,2,1,1,2,2,2,2
4974,2,2,4,4,4,2,2,2
4977,2,2,2,2,2,2,2,2
4982,2,2,2,2,2,2,2,2
5000,2,2,2,4,2,2,2,2
5001,2,2,2,4,2,2,2,2
5005,2,2,2,2,2,2,2,2
5008,2,2,2,2,2,2,2,2
5012,2,2,2,2,2,2,2,2
5017,2,2,2,4,2,2,2,2
5022,2,2,2,2,2,2,2,2
5023,2,2,2,2,2,2,2,2
5024,2,2,2,2,2,2,2,2
5025,2,2,2,2,2,2,2,2
5031,2,2,2,2,2,2,2,2
5039,2,2,2,2,2,2,2,2
5040,2,2,2,1,2,2,2,2
5043,2,2,2,2,2,2,2,2
5049,2,2,2,2,2,2,2,2
5050,2,2,2,1,2,2,2,2
5052,2,2,2,2,2,2,2,2
5056,2,2,2,4,2,2,2,2
5069,2,2,2,2,2,2,2,2
5070,2,2,2,2,2,2,2,2
5073,2,2,1,4,2,2,2,2
5075,2,2,2,2,2,2,2,2
5076,2,2,2,2,2,2,2,2
5081,2,2,2,2,2,2,2,2
5082,2,2,2,2,2,2,2,2
5084,2,2,2,1,2,2,2,2
5090,2,2,2,2,2,2,2,2
5098,2,2,2,2,2,2,2,2
5104,2,2,2,2,2,2,2,2
5105,2,2,2,2,2,2,2,2
5107,2,2,2,1,2,2,2,2
5108,2,2,2,1,2,2,2,2
5109,2,2,2,2,2,2,2,2
5113,2,2,2,2,2,2,2,2
5119,2,2,4,1,2,2,2,2
5124,2,2,2,2,2,2,2,2
5130,2,2,2,1,2,2,2,2
5135,2,2,2,2,2,2,2,2
5147,2,2,2,2,2,2,2,2
5153,2,2,2,2,2,2,2,2
5165,2,2,2,2,2,2,2,2
5166,2,2,2,2,2,2,2,2
5168,2,2,2,2,2,2,2,2
5172,2,2,2,2,2,2,2,2
5177,2,2,2,2,2,2,2,2
5178,2,2,2,2,2,2,2,2
5180,2,2,1,2,1,2,2,2
5183,2,3,2,1,2,2,2,2
5185,2,2,2,2,2,2,2,2
5190,2,2,2,2,2,2,2,2
5194,2,2,2,2,2,2,2,2
5207,2,2,2,2,2,2,2,2
5212,2,2,2,2,2,2,2,2
5213,2,2,1,2,2,2,2,2
5216,2,2,2,2,2,2,2,2
5221,2,2,2,2,2,2,2,2
5228,2,2,2,2,2,2,2,2
5237,2,2,2,2,2,2,2,2
5238,2,2,2,2,2,2,2,2
5242,2,2,2,4,2,2,2,2
5257,2,4,1,4,4,4,4,4
5258,2,4,4,4,4,5,4,4
5262,2,2,2,2,2,2,2,2
5272,2,2,2,2,2,2,2,2
5285,2,2,2,2,2,2,2,2
5287,2,2,2,2,2,2,2,2
5308,2,2,2,2,2,2,2,2
5309,2,2,2,2,2,2,2,2
5314,2,2,2,4,2,2,2,2
5323,2,2,2,2,2,2,2,2
5325,2,2,2,1,2,2,2,2
5329,2,2,2,2,2,2,2,2
5334,2,2,2,2,2,2,2,2
5349,2,2,2,1,2,2,2,2
5350,2,2,2,2,2,2,2,2
5352,2,2,2,2,2,2,2,2
5353,2,2,2,2,2,2,2,2
5354,2,2,2,2,2,2,2,2
5355,2,2,2,2,2,2,2,2
5358,2,2,2,2,2,2,2,2
5364,2,2,2,2,2,2,2,2
5366,2,2,2,2,2,2,2,2
5368,2,2,2,2,2,2,2,2
5376,2,2,2,1,2,2,2,2
5384,2,2,2,2,1,2,2,2
5402,2,4,2,4,2,4,2,2
5405,2,2,2,2,2,2,2,2
5415,2,2,2,2,2,2,2,2
5416,2,2,2,2,2,2,2,2
5418,2,2,2,2,2,2,2,2
5420,2,2,2,4,4,2,2,2
5421,2,2,2,2,2,2,2,2
5424,2,2,2,2,2,2,2,2
5426,2,2,2,2,2,2,2,2
5432,2,2,2,2,2,2,2,2
5434,2,2,2,2,2,2,2,2
5437,2,2,2,2,2,2,2,2
5440,2,2,1,2,2,2,2,2
5442,2,2,2,4,2,2,2,2
5448,2,2,2,2,2,2,2,2
5449,2,2,2,2,2,2,2,2
5452,2,2,2,1,2,2,2,2
5456,2,2,2,2,2,2,2,2
5459,2,2,2,2,2,2,2,2
5465,2,2,2,2,2,2,2,2
5480,2,2,2,2,2,2,2,2
5483,2,2,2,2,2,2,2,2
5484,2,2,1,2,2,2,2,2
5486,2,2,2,4,2,2,2,2
5488,2,2,2,2,2,2,2,2
5496,2,2,2,1,2,2,2,2
5498,2,2,2,2,2,2,2,2
5505,2,2,1,2,1,2,1,1
5509,2,2,2,2,2,2,2,2
5511,2,2,2,2,2,2,2,2
5512,2,2,2,2,2,2,2,2
5518,2,2,1,2,2,2,2,2
5520,2,2,2,4,2,2,2,2
5523,2,2,2,2,2,2,2,2
5526,2,2,2,2,2,2,2,2
5535,2,2,2,2,2,2,2,2
5541,2,2,1,2,2,2,2,2
5543,2,2,2,1,4,2,2,2
5546,2,2,2,2,2,2,2,2
5552,2,2,1,2,2,2,2,2
5561,2,2,2,2,2,2,2,2
5564,2,2,1,1,2,2,1,2
5566,2,2,2,2,2,2,2,2
5567,2,2,2,2,2,2,2,2
5569,2,2,2,2,2,2,2,2
5575,2,2,2,2,2,2,2,2
5576,2,2,1,1,2,2,2,2
5583,2,3,4,2,3,3,3,3
5584,2,2,2,2,2,2,3,2
5588,2,2,2,2,2,2,2,2
5594,2,2,2,2,2,2,2,2
5605,2,2,2,2,2,2,2,2
5607,2,2,2,2,2,2,2,2
5608,2,2,2,2,2,2,2,2
5613,2,2,2,2,2,2,2,2
5618,2,2,2,2,2,2,2,2
5621,2,2,4,4,4,2,2,2
5623,2,2,2,2,2,2,2,2
5627,2,2,2,2,2,2,2,2
5635,2,2,2,2,2,2,2,2
5660,2,2,2,2,2,2,2,2
5661,2,2,2,2,2,2,2,2
5667,2,2,2,2,2,2,2,2
5669,2,2,2,2,2,2,2,2
5674,2,2,2,2,2,2,2,2
5678,2,2,2,2,2,2,2,2
5680,2,2,2,2,2,2,2,2
5689,2,2,2,2,2,2,2,2
5704,2,2,2,2,2,2,2,2
5710,2,2,2,2,2,2,2,2
5712,2,2,2,2,2,2,2,2
5716,2,2,2,2,2,2,2,2
5728,2,1,1,2,1,2,2,1
5732,2,2,2,2,2,2,2,2
5741,2,2,2,2,2,2,2,2
5744,2,2,2,2,2,2,2,2
5748,2,2,2,2,2,2,2,2
5759,2,2,2,2,2,2,2,2
5761,2,2,2,1,2,2,2,2
5776,2,2,2,2,2,2,2,2
5783,2,2,4,4,4,2,2,2
5785,2,2,2,2,2,2,2,2
5794,2,2,1,1,2,2,2,2
5801,2,2,2,2,2,2,2,2
5805,2,2,2,1,2,2,2,2
5807,2,2,2,2,2,2,2,2
5808,2,2,2,2,2,2,2,2
5811,2,4,4,4,2,4,4,4
5812,2,2,2,2,2,2,2,2
5820,2,2,2,2,2,2,2,2
5822,2,2,2,2,2,2,2,2
5823,2,2,2,2,2,2,2,2
5825,2,2,2,1,2,2,2,2
5826,2,2,2,1,2,2,2,2
5827,2,2,2,2,2,2,2,2
5831,2,2,2,2,2,2,2,2
5840,2,2,2,2,2,2,2,2
5846,2,2,2,2,2,2,2,2
5848,2,2,2,1,2,2,2,2
5852,2,2,2,2,2,2,2,2
5861,2,2,2,2,2,2,2,2
5864,2,2,2,2,2,2,2,2
5866,2,2,2,2,2,2,2,2
5868,2,2,2,2,2,2,2,2
5869,2,2,2,2,2,2,2,2
5872,2,2,2,2,2,2,2,2
5881,2,2,2,2,2,2,2,2
5884,2,2,2,2,2,2,2,2
5887,2,2,2,2,2,2,2,2
5888,2,2,2,2,2,2,2,2
5890,2,2,2,2,2,2,2,2
5893,2,2,2,2,2,2,2,2
5894,2,2,2,1,2,2,2,2
5896,2,2,2,2,2,2,2,2
5899,2,2,2,2,2,2,2,2
5901,2,2,2,2,2,2,2,2
5906,2,2,2,2,2,2,2,2
5912,2,2,2,2,2,2,2,2
5915,2,2,2,1,2,2,2,2
5918,2,2,2,2,2,2,2,2
5919,2,2,2,2,2,2,2,2
5920,2,2,2,2,2,2,2,2
5922,2,2,2,2,2,2,2,2
5923,2,2,2,2,2,2,2,2
5929,2,2,2,2,2,2,2,2
5941,2,2,2,2,2,2,2,2
5943,2,2,2,2,2,2,2,2
5944,2,2,2,2,2,2,2,2
5946,2,2,2,2,2,2,2,2
5947,2,2,2,2,2,2,2,2
5958,2,2,2,2,2,2,2,2
5963,2,2,2,2,2,2,2,2
5965,2,2,2,2,2,2,2,2
5968,2,2,2,2,2,2,2,2
5971,2,2,1,2,2,2,2,2
5981,2,2,2,2,2,2,2,2
5983,2,2,2,1,2,2,2,2
5986,2,2,2,2,2,2,2,2
5991,2,2,2,2,2,2,2,2
5995,2,2,4,4,4,2,2,2
5997,2,5,1,4,5,2,2,2
6001,2,2,2,2,2,2,2,2
6009,2,2,2,2,2,2,2,2
6012,2,2,2,2,2,2,2,2
6014,2,2,2,2,2,2,2,2
6016,2,2,1,1,2,2,2,2
6017,2,2,2,1,2,1,2,2
6018,2,2,2,2,2,2,2,2
6019,2,2,2,2,2,2,2,2
6024,2,2,2,2,2,2,2,2
6030,2,2,2,2,2,2,2,2
6032,2,2,2,2,2,2,2,2
6040,2,4,4,3,3,1,5,1
6042,2,2,2,2,2,2,2,2
6043,2,2,2,2,2,2,2,2
6050,2,2,1,1,2,2,2,2
6052,2,2,2,2,2,2,2,2
6054,2,2,2,2,2,2,2,2
6056,2,2,2,2,2,2,2,2
6057,2,2,2,2,2,2,2,2
6072,2,2,2,4,2,2,2,2
6074,2,2,2,2,2,2,2,2
6079,2,2,2,2,2,2,2,2
6081,2,2,2,2,2,2,2,2
6085,2,2,2,2,2,2,2,2
6091,2,2,2,2,2,2,2,2
6098,2,2,2,2,2,2,2,2
6100,2,2,2,2,2,2,2,2
6104,2,2,2,2,2,2,2,2
6105,2,2,2,2,2,2,2,2
6114,2,2,2,2,2,2,2,2
6118,2,2,2,2,2,2,2,2
6119,2,2,2,2,2,2,2,2
6122,2,2,2,2,2,2,2,2
6129,2,2,2,2,2,2,2,2
6131,2,2,2,2,2,2,2,2
6136,2,2,1,2,2,2,2,2
6139,2,2,2,2,2,2,2,2
6144,2,2,2,2,2,2,2,2
6147,2,2,2,2,2,2,2,2
6149,2,2,4,4,4,2,2,2
6151,2,2,2,2,2,2,2,2
6153,2,2,2,2,2,2,2,2
6154,2,4,2,4,2,2,2,2
6160,2,2,2,1,2,2,2,2
6161,2,2,2,1,4,2,2,2
6163,2,2,2,2,2,2,2,2
6164,2,2,2,2,2,2,2,2
6171,2,2,2,1,2,2,2,2
6172,2,2,2,4,4,2,2,2
6176,2,2,2,2,2,2,2,2
6179,2,2,2,2,2,2,2,2
6192,2,2,2,2,2,2,2,2
6193,2,2,2,2,2,2,2,2
6202,2,2,2,2,2,2,2,2
6205,2,2,2,1,2,2,2,2
6243,2,2,2,4,4,2,2,2
6250,2,2,2,2,2,2,2,2
6256,2,2,2,2,2,2,2,2
6258,2,2,2,4,2,2,2,2
6260,2,2,2,2,2,2,2,2
6263,2,2,2,2,2,2,2,2
6267,2,2,2,2,2,2,2,2
6271,2,2,2,2,2,2,2,2
6275,2,2,2,2,2,2,2,2
6276,2,2,2,2,2,2,2,2
6283,2,2,2,2,2,2,2,2
6289,2,2,2,2,2,2,2,2
6306,2,2,2,2,2,4,2,2
6310,2,2,2,2,2,2,2,2
6313,2,2,2,1,2,2,2,2
6314,2,2,2,2,2,2,2,2
6322,2,2,2,2,2,2,2,2
6341,2,2,2,2,2,2,2,2
6342,2,2,2,2,2,2,2,2
6346,2,2,2,4,2,2,2,2
6347,2,2,2,4,4,2,2,2
6354,2,2,2,2,2,2,2,2
6356,2,2,2,2,2,2,2,2
6357,2,2,2,1,2,2,2,2
6358,2,2,2,4,2,2,2,2
6363,2,2,2,2,2,2,2,2
6369,2,2,2,1,2,2,2,2
6372,2,2,2,2,2,2,2,2
6374,2,3,3,3,3,2,4,3
6378,2,2,2,2,2,2,2,2
6391,2,2,2,2,2,2,2,2
6401,2,2,2,2,2,2,2,2
6402,2,2,2,2,2,2,2,2
6403,2,2,2,2,2,2,2,2
6406,2,2,2,2,2,2,2,2
6411,2,2,2,2,2,2,2,2
6416,2,2,2,2,2,2,2,2
6417,2,2,2,2,2,2,2,2
6427,2,4,4,4,2,2,2,2
6432,2,2,2,2,2,2,2,2
6433,2,2,2,1,2,2,2,2
6438,2,2,2,2,2,2,2,2
6453,2,2,2,2,2,2,2,2
6461,2,2,2,2,2,2,2,2
6463,2,2,2,2,2,2,2,2
6473,2,2,2,2,2,2,2,2
6474,2,2,2,2,2,2,2,2
6475,2,2,2,2,2,2,3,2
6484,2,2,2,2,2,2,2,2
6495,2,2,2,2,2,2,2,2
6505,2,2,2,2,2,2,2,2
6515,2,2,2,2,2,2,2,2
6525,2,2,2,2,2,2,2,2
6531,2,2,1,4,2,2,2,2
6539,2,2,2,2,2,2,2,2
6549,2,2,2,2,2,2,2,2
6555,2,2,2,2,2,2,2,2
6566,2,2,2,4,4,2,2,2
6568,2,2,2,2,2,2,2,2
6569,2,2,2,2,2,2,2,2
6571,2,3,2,4,2,2,2,2
6576,2,2,2,2,2,2,2,2
6581,2,2,2,2,2,2,2,2
6594,2,2,2,2,2,2,2,2
6596,2,2,2,2,2,2,2,2
6600,2,2,4,4,4,2,2,2
6607,2,2,2,2,2,2,2,2
6615,2,2,2,2,2,2,2,2
6623,2,2,2,2,2,2,2,2
6626,2,2,2,2,2,2,2,2
6629,2,2,1,2,1,2,2,2
6639,2,2,2,2,2,2,2,2
6642,2,2,2,4,2,2,2,2
6650,2,2,2,2,2,2,2,2
6652,2,2,2,2,2,2,2,2
6653,2,2,2,1,2,2,2,2
6657,2,2,2,2,2,2,2,2
6659,2,2,2,1,2,2,2,2
6664,2,2,2,2,2,2,2,2
6667,2,2,2,2,2,2,2,2
6676,2,2,4,4,4,2,1,2
6677,2,2,2,2,2,2,2,2
6687,2,2,2,2,2,2,2,2
6704,2,2,2,2,2,2,2,2
6712,2,2,2,2,2,2,2,2
6717,2,2,2,2,2,2,2,2
6720,2,2,4,4,4,2,2,2
6725,2,2,2,2,2,2,2,2
6728,2,2,2,2,2,2,2,2
6730,2,1,1,4,1,1,2,1
6731,2,2,4,4,4,2,2,2
6734,2,2,2,2,2,2,2,2
6738,2,2,2,2,2,2,2,2
6739,2,2,2,2,2,2,2,2
6743,2,5,2,2,2,2,2,2
6752,2,2,2,2,2,2,2,2
6753,2,2,2,4,2,2,2,2
6754,2,2,2,4,4,2,2,2
6756,2,2,2,2,2,2,2,2
6776,2,2,2,2,2,2,2,2
6782,2,2,2,2,2,2,2,2
6783,2,2,2,2,2,2,2,2
6788,2,2,2,2,2,2,2,2
6789,2,2,2,2,2,2,2,2
6790,2,2,2,2,2,2,2,2
6791,2,2,2,2,2,2,2,2
6794,2,2,2,2,2,2,2,2
6796,2,2,1,4,4,2,2,2
6799,2,2,2,2,2,2,2,2
6800,2,2,2,2,2,2,2,2
6801,2,2,2,2,2,2,2,2
6813,2,4,2,4,2,4,4,4
6820,3,3,3,3,3,3,3,3
6822,3,3,4,2,4,3,3,3
6826,3,3,3,4,3,3,5,3
6827,3,3,3,3,3,3,3,3
6830,3,3,3,3,3,3,3,3
6840,3,3,3,3,3,3,3,3
6842,3,4,4,3,4,5,4,4
6846,3,5,1,3,5,5,5,5
6850,3,4,4,4,4,4,3,4
6851,3,3,3,3,3,3,3,3
6860,3,3,3,3,3,3,3,3
6863,3,1,3,1,3,1,3,1
6880,3,4,2,4,3,2,2,2
6881,3,3,3,3,3,4,4,3
6895,3,3,3,3,3,3,4,3
6898,3,3,2,2,2,3,2,2
6901,3,5,4,1,4,5,4,4
6907,3,3,4,2,2,3,3,3
6908,3,3,3,4,3,3,3,3
6919,3,4,4,3,3,4,4,4
6921,3,3,1,1,1,3,3,3
6936,3,2,2,4,2,3,3,2
6937,3,3,3,3,3,3,3,3
6943,3,3,3,3,3,3,3,3
6956,3,3,3,5,5,3,3,3
6962,3,3,3,3,3,3,3,3
6966,3,3,3,3,3,3,3,3
6970,3,3,3,3,3,3,3,3
6975,3,3,3,3,3,3,3,3
6977,3,3,3,3,3,3,3,3
6982,3,3,5,3,5,3,3,3
6986,3,3,3,3,3,3,3,3
6989,3,5,3,3,3,5,5,5
6995,3,3,3,3,3,3,3,3
6999,3,3,3,3,3,3,3,3
7003,3,3,3,3,3,3,3,3
7006,3,3,5,3,5,3,3,3
7010,3,3,3,3,3,3,3,3
7011,3,3,4,4,4,3,5,3
7013,3,3,3,3,3,3,3,3
7016,3,3,3,3,3,3,3,3
7018,3,3,3,3,3,3,3,3
7019,3,3,3,3,3,3,3,3
7029,3,3,3,3,3,3,3,3
7036,3,3,3,3,3,3,3,3
7041,3,3,5,4,5,3,3,3
7049,3,3,4,3,4,3,3,3
7054,3,3,3,3,3,3,3,3
7055,3,3,3,3,3,3,5,3
7058,3,3,5,3,5,3,3,3
7059,3,3,5,4,3,3,3,3
7066,3,3,3,3,3,3,3,3
7068,3,3,3,4,3,3,3,3
7075,3,3,3,3,3,3,4,3
7079,3,3,3,3,3,3,3,3
7083,3,3,3,3,3,3,3,3
7085,3,3,3,4,3,3,3,3
7105,3,3,3,4,3,3,3,3
7108,3,3,3,3,3,3,3,3
7143,3,3,3,3,3,3,3,3
7145,3,3,3,3,3,3,3,3
7148,3,3,3,3,3,3,3,3
7152,3,3,3,3,3,3,3,3
7153,3,3,3,3,3,3,3,3
7154,3,3,3,3,3,3,3,3
7160,3,3,1,5,1,3,3,3
7175,3,3,3,3,3,3,3,3
7176,3,3,3,3,3,3,3,3
7194,3,3,3,3,3,3,3,3
7203,3,3,3,3,3,3,3,3
7211,3,3,3,3,3,3,3,3
7216,3,3,3,3,3,3,3,3
7226,3,3,3,3,3,3,3,3
7233,3,3,3,3,3,3,3,3
7234,3,3,3,3,3,3,3,3
7235,3,3,3,3,3,3,3,3
7238,3,3,3,3,3,3,3,3
7241,3,3,3,3,3,3,3,3
7244,3,3,3,3,3,3,3,3
7245,3,5,4,1,4,3,5,5
7247,3,3,3,3,3,3,3,3
7255,3,3,3,3,3,3,3,3
7256,3,3,3,3,3,3,3,3
7257,3,3,5,3,5,3,3,3
7259,3,3,3,5,3,3,3,3
7262,3,3,3,3,3,3,3,3
7269,3,3,3,3,3,3,3,3
7271,3,3,3,3,3,3,3,3
7272,3,3,4,4,4,3,3,3
7275,3,3,5,3,5,3,3,3
7276,3,3,3,4,3,3,3,3
7282,3,3,3,3,3,3,3,3
7286,3,3,3,3,3,3,3,3
7288,3,3,3,3,3,3,3,3
7292,3,3,3,3,3,3,3,3
7299,3,3,3,4,3,3,3,3
7303,3,3,3,3,3,3,3,3
7309,3,3,3,3,3,3,3,3
7335,3,3,3,3,3,3,3,3
7341,3,3,3,3,3,3,3,3
7345,3,3,4,3,4,3,3,3
7347,3,3,3,3,3,3,3,3
7349,3,3,3,3,3,3,3,3
7360,3,3,4,4,4,3,3,3
7366,3,3,3,3,3,3,3,3
7375,3,3,3,3,3,3,3,3
7376,3,3,3,3,3,3,3,3
7398,3,3,3,3,3,3,3,3
7403,3,3,3,3,3,3,3,3
7404,3,3,4,4,4,3,3,3
7408,3,3,3,3,5,3,3,3
7410,3,3,3,3,3,3,3,3
7421,3,1,4,5,4,3,5,1
7427,3,3,3,3,3,3,3,3
7429,3,3,3,3,3,3,3,3
7450,3,3,4,4,4,3,3,3
7476,3,3,3,3,3,3,3,3
7487,3,3,3,3,3,3,3,3
7492,3,3,3,3,3,3,3,3
7498,3,3,3,3,3,3,3,3
7514,3,3,3,3,3,3,3,3
7516,3,3,1,5,5,3,3,3
7520,3,3,4,4,4,3,5,3
7524,3,3,3,3,3,3,3,3
7525,3,3,3,3,3,3,3,3
7526,3,3,3,3,3,3,3,3
7527,3,3,3,3,3,3,3,3
7531,3,3,3,3,3,3,3,3
7535,3,3,3,3,3,3,3,3
7536,3,3,3,3,3,3,3,3
7545,3,3,3,3,3,3,3,3
7546,3,3,3,3,3,3,3,3
7552,3,3,3,3,3,5,3,3
7554,3,3,3,3,3,3,3,3
7558,3,3,3,3,3,3,3,3
7562,3,3,3,3,3,3,3,3
7569,3,3,4,4,4,3,3,3
7572,3,3,3,3,3,3,3,3
7573,3,3,3,4,3,3,3,3
7581,3,3,3,3,3,3,3,3
7583,3,3,3,3,3,3,3,3
7589,3,3,3,3,3,3,3,3
7591,3,3,3,3,3,3,3,3
7594,3,3,3,3,3,3,3,3
7596,3,3,4,2,4,3,3,3
7605,3,3,4,1,4,3,3,3
7610,3,3,3,3,3,3,3,3
7614,3,3,4,1,4,3,1,3
7616,3,3,3,3,3,3,3,3
7617,3,3,3,3,3,3,3,3
7634,3,3,3,3,3,3,3,3
7636,3,3,3,3,3,3,3,3
7645,3,3,1,5,1,3,3,3
7647,3,3,3,3,3,3,3,3
7648,3,3,3,3,3,3,3,3
7652,3,3,3,3,3,3,3,3
7653,3,3,3,4,3,3,3,3
7662,3,3,3,4,3,3,3,3
7666,3,3,3,3,3,3,3,3
7672,3,3,1,5,1,3,3,3
7675,3,3,3,3,3,3,3,3
7685,3,3,4,1,4,3,4,3
7705,3,3,3,4,3,3,3,3
7706,3,3,3,5,3,3,3,3
7707,3,3,3,3,3,3,3,3
7708,3,3,3,3,3,3,3,3
7711,3,3,4,2,4,3,3,3
7712,3,3,3,3,3,3,3,3
7714,3,3,3,4,3,3,3,3
7719,3,3,3,3,3,3,3,3
7728,3,3,4,4,4,3,1,3
7739,3,3,3,3,3,3,3,3
7746,3,3,3,3,3,3,3,3
7750,3,3,3,4,3,3,3,3
7751,3,3,3,5,3,3,3,3
7756,3,3,4,2,4,3,3,3
7758,3,3,3,3,3,3,3,3
7759,3,3,3,4,3,3,3,3
7763,3,3,3,3,3,3,3,3
7764,3,3,3,3,3,3,3,3
7770,3,3,3,5,3,3,3,3
7774,3,3,2,4,4,3,3,3
7790,3,3,3,3,3,3,3,3
7792,3,3,2,2,2,3,3,3
7806,3,3,3,5,3,3,3,3
7814,3,3,3,4,3,3,3,3
7815,3,3,1,5,1,3,3,3
7829,3,3,3,3,3,3,3,3
7835,3,1,3,1,3,3,3,3
7837,3,3,3,3,3,3,3,3
7845,3,3,3,3,3,3,3,3
7847,3,3,4,4,3,4,4,3
7852,3,3,3,3,3,3,3,3
7864,3,3,4,2,4,3,3,3
7869,3,3,1,5,1,3,3,3
7874,3,3,4,2,4,3,3,3
7876,3,3,3,3,3,3,3,3
7883,3,3,4,1,4,3,3,3
7884,3,3,3,4,3,3,3,3
7886,3,3,3,3,3,3,3,3
7889,3,3,3,3,3,3,3,3
7896,3,3,3,4,3,3,3,3
7898,3,3,3,3,3,3,3,3
7899,3,3,3,3,3,3,3,3
7907,3,3,3,3,3,3,3,3
7908,3,3,3,3,3,3,3,3
7909,3,3,3,3,3,3,3,3
7926,3,3,3,3,3,3,3,3
7931,3,3,2,4,2,3,3,3
7933,3,3,3,3,3,3,3,3
7934,3,3,2,2,3,3,2,3
7937,3,3,3,3,3,3,3,3
7938,3,2,2,2,2,2,3,2
7940,3,3,2,2,2,2,3,2
7946,3,3,3,2,3,3,3,3
7952,3,3,3,4,3,3,3,3
7964,3,5,4,4,3,5,5,5
7969,3,3,3,3,3,3,3,3
7973,3,3,3,3,3,3,3,3
7974,3,3,3,4,3,3,3,3
7979,3,5,4,4,4,3,5,5
7980,3,3,2,4,3,3,3,3
7983,3,3,3,4,3,3,3,3
7989,3,3,3,3,3,3,3,3
7992,3,3,3,4,3,3,3,3
7993,3,3,3,5,3,3,3,3
8006,3,3,2,2,2,3,3,3
8016,3,3,3,3,3,3,3,3
8018,3,3,3,3,3,3,3,3
8020,3,3,3,3,3,3,3,3
8023,3,3,4,4,4,3,4,3
8033,3,3,3,3,3,3,3,3
8035,3,3,5,3,5,3,3,3
8044,3,3,3,4,3,3,3,3
8057,3,3,3,3,3,3,3,3
8058,3,3,3,3,3,3,3,3
8065,3,3,3,3,3,3,3,3
8073,3,3,4,4,4,3,3,3
8077,3,3,3,5,3,3,3,3
8088,3,3,3,3,3,3,3,3
8093,3,3,3,3,3,3,3,3
8095,3,3,3,3,3,3,3,3
8108,3,3,3,3,3,3,3,3
8109,3,3,4,2,4,3,3,3
8112,3,3,3,3,3,3,3,3
8119,3,3,3,4,3,3,3,3
8127,3,3,4,4,4,3,1,3
8133,3,3,3,3,3,3,3,3
8136,3,3,4,1,4,3,3,3
8144,3,3,3,3,3,3,3,3
8154,3,3,3,3,3,3,3,3
8158,3,3,3,3,3,3,3,3
8163,3,3,3,3,3,3,3,3
8165,3,3,4,1,4,3,3,3
8173,3,3,3,3,3,3,3,3
8177,3,3,3,4,3,4,3,3
8179,3,3,3,5,3,3,3,3
8180,3,3,3,3,3,3,3,3
8182,3,3,3,3,3,3,3,3
8183,3,3,3,3,3,3,3,3
8187,3,3,3,4,3,3,3,3
8197,3,3,3,3,3,3,3,3
8199,3,3,3,3,3,3,3,3
8210,3,3,3,3,3,3,3,3
8219,3,3,3,3,3,3,3,3
8220,3,3,4,2,4,3,3,3
8222,3,3,3,3,3,3,3,3
8227,3,3,3,3,3,3,3,3
8233,3,3,3,3,3,3,3,3
8242,3,3,3,3,3,3,3,3
8245,3,3,3,3,3,3,3,3
8246,3,3,3,3,3,3,3,3
8254,3,3,3,3,3,3,3,3
8262,3,3,3,3,3,3,3,3
8274,3,3,3,3,3,3,3,3
8275,3,3,3,3,3,3,3,3
8283,3,3,3,3,3,3,3,3
8286,3,3,3,3,3,3,3,3
8289,3,3,3,3,3,3,3,3
8290,3,3,3,3,3,3,3,3
8299,3,3,3,3,3,3,3,3
8304,3,3,2,4,2,3,3,3
8308,3,5,1,3,4,5,3,5
8309,3,3,3,3,3,3,3,3
8310,3,3,3,3,3,3,3,3
8313,3,3,3,3,3,3,3,3
8314,3,3,3,3,3,3,3,3
8318,3,3,3,3,3,3,3,3
8319,3,3,3,3,3,3,3,3
8321,3,3,4,2,4,3,3,3
8323,3,3,3,3,3,3,3,3
8332,3,3,3,3,3,3,3,3
8333,3,3,3,3,3,3,3,3
8335,3,3,3,3,3,3,3,3
8348,3,3,2,1,2,3,3,3
8349,3,2,2,2,2,2,3,2
8353,3,3,3,1,3,3,3,3
8361,3,3,3,3,3,3,3,3
8366,3,3,3,3,3,3,3,3
8382,3,3,3,4,3,3,3,3
8392,3,3,1,5,3,3,3,3
8405,3,3,3,3,3,3,3,3
8406,3,3,4,2,4,3,3,3
8411,3,3,3,3,3,3,3,3
8413,3,3,3,3,3,3,3,3
8417,3,3,3,3,3,3,3,3
8418,3,3,3,3,3,3,3,3
8419,3,3,3,5,3,3,3,3
8421,3,3,3,3,3,3,3,3
8425,3,3,2,2,2,3,3,3
8433,3,3,3,3,3,3,3,3
8438,3,4,4,1,3,4,4,4
8444,3,3,4,2,2,3,3,3
8453,3,3,3,3,3,3,3,3
8459,3,3,4,2,2,3,3,3
8466,3,3,3,3,3,3,3,3
8470,3,3,3,3,3,3,3,3
8478,3,3,3,3,3,3,3,3
8480,3,3,3,3,3,3,3,3
8481,3,3,3,4,3,3,3,3
8489,3,3,3,3,3,3,3,3
8491,3,3,1,1,1,3,3,3
8493,3,3,3,3,3,3,3,3
8498,3,3,3,3,3,3,3,3
8508,3,5,3,4,3,3,3,3
8509,3,3,3,3,3,3,3,3
8512,3,3,3,3,3,3,3,3
8513,3,3,3,3,3,3,3,3
8523,3,2,2,2,2,3,3,2
8525,3,3,3,3,3,3,3,3
8527,3,3,3,1,3,4,3,3
8532,3,4,4,1,3,1,1,1
8549,3,3,2,2,2,3,3,3
8552,3,3,3,1,3,4,3,3
8557,3,3,3,4,3,4,3,3
8569,3,3,3,3,3,3,3,3
8575,3,3,3,3,3,3,3,3
8576,3,3,3,4,3,3,3,3
8579,3,3,3,3,3,3,3,3
8592,3,3,2,3,2,3,3,3
8595,3,3,2,2,2,3,3,3
8599,3,3,2,2,3,4,3,3
8605,3,2,2,2,2,2,2,2
8607,3,3,3,3,3,3,3,3
8612,3,3,3,3,3,3,3,3
8624,3,3,3,2,3,3,3,3
8627,3,3,3,3,3,3,3,3
8638,3,3,3,2,3,3,4,3
8639,3,3,3,2,3,3,4,3
8640,3,3,2,1,1,3,3,3
8643,3,3,3,3,3,3,3,3
8649,3,3,3,2,3,4,3,3
8673,3,3,3,3,3,3,3,3
8677,3,3,3,3,3,3,3,3
8681,3,3,2,2,2,3,3,3
8682,3,3,2,3,2,3,3,3
8686,3,3,5,4,5,3,3,3
8695,3,3,3,4,3,3,3,3
8701,3,3,3,3,3,3,3,3
8705,3,3,3,3,3,3,3,3
8712,3,3,3,3,3,3,3,3
8714,3,3,3,3,3,3,3,3
8716,3,3,3,3,3,3,3,3
8726,3,3,3,3,3,3,3,3
8727,3,3,4,4,4,3,3,3
8731,3,3,3,4,3,3,3,3
8739,3,3,3,3,3,3,3,3
8749,3,3,3,4,3,3,3,3
8757,3,3,3,3,3,3,3,3
8759,3,3,3,1,3,3,3,3
8761,3,3,3,3,3,3,3,3
8766,3,3,3,3,3,3,3,3
8769,3,3,3,3,3,3,3,3
8773,3,3,3,3,3,3,3,3
8777,3,3,3,3,3,3,3,3
8778,3,3,3,3,3,3,3,3
8784,3,3,3,3,3,3,3,3
8791,3,3,4,4,4,3,3,3
8793,3,3,3,3,3,3,3,3
8794,3,3,3,3,3,3,3,3
8805,3,3,3,3,3,3,3,3
8812,3,3,3,3,5,3,3,3
8816,3,3,3,4,3,3,3,3
8819,3,3,3,3,3,3,3,3
8824,3,3,3,4,3,3,3,3
8825,3,3,3,3,3,3,3,3
8826,3,3,3,3,3,3,3,3
8831,3,3,3,3,3,3,3,3
8845,3,3,3,3,3,3,3,3
8846,3,3,3,3,3,3,3,3
8848,3,3,3,3,3,3,3,3
8868,3,3,4,2,4,3,3,3
8874,3,3,3,3,3,3,3,3
8875,3,3,3,3,3,3,3,3
8876,3,3,3,3,3,3,3,3
8878,3,3,3,4,3,3,3,3
8881,3,3,3,1,3,3,3,3
8882,3,3,3,3,3,3,3,3
8885,3,3,4,1,4,3,3,3
8888,3,3,3,4,3,3,3,3
8892,3,3,3,3,3,3,3,3
8893,3,3,3,3,3,3,3,3
8895,3,3,3,4,3,3,3,3
8904,3,3,3,4,3,3,3,3
8907,3,3,3,4,3,3,3,3
8908,3,3,3,1,3,3,3,3
8914,3,3,3,3,3,3,3,3
8915,3,3,3,3,3,3,3,3
8917,3,3,3,5,3,3,3,3
8920,3,3,3,3,3,3,3,3
8929,3,3,3,3,3,3,3,3
8943,3,3,3,4,3,3,3,3
8945,3,3,3,3,3,3,3,3
8946,3,3,3,3,3,3,3,3
8948,3,3,3,3,3,3,3,3
8950,3,3,3,3,3,3,3,3
8953,3,3,3,3,3,3,3,3
8962,3,3,3,3,3,3,3,3
8963,3,3,3,3,3,3,3,3
8973,3,4,4,3,4,4,5,4
8974,3,4,4,4,4,4,5,4
8978,3,3,3,3,3,3,3,3
8979,3,3,3,3,3,3,3,3
8980,3,3,3,3,3,4,3,3
8982,3,3,3,3,3,3,3,3
8990,3,3,3,3,3,3,3,3
9007,3,3,2,4,2,3,3,3
9014,3,3,3,3,3,3,3,3
9015,3,3,3,3,3,3,3,3
9018,3,3,3,3,3,3,3,3
9020,3,3,3,3,3,3,3,3
9021,3,3,3,3,3,5,5,3
9022,3,3,3,3,3,3,3,3
9024,3,3,3,3,3,3,3,3
9027,3,3,3,3,3,3,3,3
9035,3,3,4,4,4,3,3,3
9038,3,3,3,4,3,3,3,3
9062,3,3,3,3,3,3,3,3
9063,3,3,3,3,3,3,3,3
9065,3,3,3,3,3,3,3,3
9067,3,3,3,3,3,3,3,3
9069,3,3,4,4,4,3,3,3
9070,3,3,4,4,3,3,3,3
9071,3,3,3,3,3,3,3,3
9072,3,3,3,3,3,3,3,3
9074,3,3,3,3,3,3,3,3
9076,3,3,3,3,3,3,3,3
9077,3,3,3,3,3,3,3,3
9089,3,3,3,3,3,3,3,3
9098,3,3,3,3,3,3,3,3
9103,3,3,3,3,3,3,3,3
9118,3,3,3,3,3,3,3,3
9123,3,3,4,1,4,3,3,3
9125,3,3,3,3,3,3,3,3
9142,3,3,3,4,3,3,3,3
9147,3,3,3,3,3,3,3,3
9153,3,3,3,3,3,3,3,3
9155,3,3,3,5,3,3,3,3
9156,3,3,3,3,3,3,3,3
9179,3,3,3,3,3,3,3,3
9189,3,3,3,3,3,3,3,3
9193,3,3,3,3,3,3,3,3
9194,3,3,3,3,3,3,3,3
9200,3,3,3,3,3,3,3,3
9204,3,3,3,3,3,3,3,3
9205,3,3,4,2,4,3,3,3
9212,3,3,3,3,3,3,3,3
9213,3,3,3,3,3,3,3,3
9216,3,3,3,3,3,3,3,3
9220,3,3,3,3,3,3,3,3
9222,3,3,4,4,4,3,4,3
9232,3,3,3,3,3,3,3,3
9235,3,3,3,3,3,3,3,3
9236,3,3,3,3,3,3,3,3
9237,3,3,3,3,3,3,3,3
9244,3,3,3,3,3,3,3,3
9252,3,3,3,3,3,3,3,3
9255,3,3,3,3,3,3,3,3
9258,3,3,4,1,4,3,3,3
9263,3,3,3,3,3,3,3,3
9266,3,3,3,3,3,3,3,3
9267,3,3,4,4,4,3,3,3
9280,3,3,3,3,3,3,3,3
9283,3,3,3,3,3,3,3,3
9286,3,3,3,3,3,3,3,3
9292,3,3,3,3,3,3,3,3
9294,3,3,3,4,3,3,3,3
9295,3,3,3,3,3,3,3,3
9296,3,3,3,3,3,3,3,3
9297,3,3,3,4,3,3,3,3
9300,3,3,3,3,3,3,3,3
9304,3,3,3,3,3,3,3,3
9312,3,3,2,2,2,3,3,3
9318,3,3,3,3,3,3,3,3
9326,3,3,3,3,3,3,3,3
9329,3,3,3,3,3,3,3,3
9332,3,3,5,3,5,3,3,3
9334,3,3,3,3,3,3,3,3
9335,3,3,3,3,3,3,3,3
9339,3,3,3,3,3,3,3,3
9344,3,3,3,3,3,3,3,3
9348,3,3,3,3,3,3,3,3
9356,3,3,2,4,3,3,3,3
9362,3,3,3,3,3,3,3,3
9367,3,3,3,3,3,3,3,3
9373,3,3,3,3,3,3,3,3
9383,3,3,4,4,4,3,5,3
9384,3,3,3,3,3,3,3,3
9385,3,3,3,3,3,3,3,3
9396,3,3,3,3,3,3,3,3
9397,3,3,3,3,3,3,3,3
9401,3,3,4,4,4,3,3,3
9404,3,3,3,3,3,3,3,3
9410,3,3,4,4,4,3,3,3
9416,3,3,3,3,3,3,3,3
9418,3,3,3,3,3,3,3,3
9421,3,3,3,3,3,3,3,3
9424,3,3,3,3,3,3,3,3
9427,3,3,3,4,3,3,3,3
9431,3,3,3,4,3,3,3,3
9439,3,3,3,3,3,3,3,3
9443,3,3,3,3,3,3,3,3
9444,3,3,3,3,3,3,3,3
9446,3,3,4,4,4,3,3,3
9447,3,3,3,3,3,3,3,3
9450,3,3,3,3,3,3,3,3
9456,3,3,3,3,3,3,3,3
9459,3,3,3,3,3,3,3,3
9467,3,3,3,4,3,3,3,3
9480,3,3,3,3,3,3,3,3
9489,3,3,3,3,3,3,3,3
9494,3,3,3,3,3,3,3,3
9499,3,4,3,3,3,3,4,3
9502,3,5,3,1,3,5,3,3
9509,3,3,3,3,3,3,3,3
9510,3,3,5,3,5,3,3,3
9511,3,3,3,3,3,3,3,3
9512,3,3,3,3,3,3,3,3
9525,3,3,3,3,3,3,3,3
9536,3,3,3,5,3,3,3,3
9546,3,3,3,3,3,3,3,3
9555,3,3,3,3,3,3,3,3
9557,3,3,3,3,3,3,3,3
9561,3,3,3,3,3,3,3,3
9565,3,3,3,3,3,3,3,3
9567,3,3,5,5,5,3,3,3
9576,3,3,4,5,4,3,5,3
9583,3,3,3,3,3,3,3,3
9584,3,3,3,3,3,3,3,3
9597,3,3,3,3,3,3,3,3
9598,3,3,3,3,3,3,3,3
9603,3,3,3,3,3,3,3,3
9627,3,3,3,3,3,3,3,3
9639,3,3,3,3,3,3,3,3
9642,3,3,3,3,3,3,3,3
9643,3,3,3,3,3,3,3,3
9645,3,3,3,3,3,3,3,3
9647,3,3,3,3,3,3,3,3
9649,3,3,3,3,3,3,3,3
9656,3,3,3,3,3,3,3,3
9659,3,3,3,5,3,3,3,3
9665,3,3,3,3,3,3,3,3
9671,3,3,3,3,3,3,3,3
9682,3,3,4,4,4,3,3,3
9683,3,3,3,3,3,3,3,3
9689,3,3,3,3,3,3,3,3
9691,3,3,5,5,5,3,3,3
9694,3,4,4,5,4,4,4,4
9697,3,3,3,3,3,3,3,3
9698,3,3,3,3,3,3,3,3
9702,3,3,3,3,3,3,3,3
9708,3,3,3,3,3,3,3,3
9719,3,3,3,3,3,3,3,3
9742,3,3,3,3,3,3,3,3
9747,3,3,3,3,3,3,3,3
9748,3,3,3,3,3,3,3,3
9752,3,3,3,3,3,3,3,3
9754,3,3,3,3,3,3,3,3
9755,3,3,3,3,3,3,3,3
9756,3,3,3,3,3,3,3,3
9760,3,3,3,3,3,3,3,3
9761,3,3,3,3,3,3,3,3
9763,3,3,3,3,3,3,3,3
9765,3,3,3,4,3,3,3,3
9772,3,3,3,3,3,3,3,3
9773,3,3,4,4,3,3,3,3
9788,3,3,3,3,3,3,3,3
9795,3,3,3,3,3,3,3,3
9797,3,3,3,3,3,3,3,3
9801,3,3,3,3,3,3,3,3
9811,3,3,3,3,3,3,3,3
9817,3,3,3,3,3,3,3,3
9819,3,3,3,3,3,3,3,3
9828,3,3,3,3,3,3,3,3
9833,3,3,3,3,3,3,3,3
9836,3,3,4,4,4,3,3,3
9837,3,3,3,3,3,3,3,3
9838,3,3,3,3,3,3,3,3
9840,3,3,3,3,3,3,3,3
9841,3,3,3,3,3,3,3,3
9843,3,3,3,3,3,3,3,3
9847,3,3,3,3,3,3,3,3
9852,3,3,4,4,4,3,3,3
9854,3,3,3,3,3,3,3,3
9855,3,3,3,3,3,3,3,3
9858,3,3,3,3,3,3,3,3
9859,3,3,3,3,3,3,3,3
9862,3,3,4,4,3,3,3,3
9869,3,3,3,3,3,3,3,3
9875,3,3,3,3,3,3,3,3
9879,3,3,3,4,3,4,3,3
9882,3,4,3,3,3,3,4,3
9888,3,3,3,3,3,3,3,3
9889,3,3,2,2,2,3,3,3
9894,3,3,3,3,3,3,3,3
9899,3,3,3,3,3,3,3,3
9908,3,3,3,3,3,3,3,3
9927,3,3,3,3,3,3,3,3
9933,3,3,3,3,3,3,3,3
9934,3,3,4,4,4,3,3,3
9939,3,3,3,3,3,3,3,3
9942,3,3,3,3,3,3,3,3
9948,3,3,3,3,3,3,3,3
9952,3,3,3,3,3,3,3,3
9954,3,3,3,3,3,3,3,3
9959,3,3,3,3,3,3,3,3
9965,3,3,3,4,3,3,3,3
9966,3,3,3,5,3,3,3,3
9969,3,3,3,3,3,3,3,3
9975,3,3,3,4,3,3,3,3
9979,3,3,3,3,3,3,3,3
9980,3,3,3,3,3,3,3,3
9990,3,3,3,3,3,3,3,3
10001,3,3,3,3,3,3,3,3
10009,3,3,3,3,3,3,3,3
10010,3,3,3,3,3,3,3,3
10022,3,3,4,4,4,3,3,3
10025,3,3,3,3,3,3,3,3
10031,3,3,4,2,4,3,3,3
10033,3,3,3,3,3,3,3,3
10044,3,3,3,3,3,3,3,3
10045,3,3,3,3,3,3,3,3
10046,3,3,3,3,3,3,3,3
10048,3,3,3,3,3,3,3,3
10051,3,3,3,3,3,3,3,3
10055,3,3,3,3,3,3,3,3
10056,3,3,3,3,3,3,3,3
10058,3,3,4,2,4,3,3,3
10063,3,3,1,1,3,3,3,3
10069,3,3,3,3,3,3,3,3
10072,3,3,3,5,3,3,3,3
10081,3,3,3,3,3,3,3,3
10083,3,3,3,3,3,3,3,3
10084,3,3,3,3,3,3,3,3
10089,3,3,3,3,3,3,3,3
10090,3,3,3,4,3,3,3,3
10092,3,3,3,3,3,3,3,3
10096,3,3,3,3,3,3,3,3
10098,3,3,3,3,3,3,3,3
10108,3,3,3,4,3,3,3,3
10120,3,3,3,3,3,3,3,3
10129,3,3,3,3,3,3,3,3
10144,3,3,3,4,3,3,3,3
10145,3,3,3,3,3,3,3,3
10150,3,3,3,4,3,3,3,3
10154,3,3,3,3,3,3,3,3
10157,3,3,3,3,3,3,3,3
10161,3,3,3,3,3,3,3,3
10169,3,3,3,3,3,3,3,3
10177,3,3,4,2,4,3,3,3
10178,3,3,3,3,3,3,3,3
10201,3,3,3,3,3,3,3,3
10207,3,3,4,3,3,4,3,3
10214,3,3,2,2,2,3,3,3
10231,3,3,3,3,3,3,3,3
10241,3,3,4,1,4,3,3,3
10242,3,3,3,4,3,3,3,3
10260,3,4,4,4,3,3,4,3
10266,3,3,3,3,3,3,3,3
10269,3,3,3,3,3,3,3,3
10271,3,3,3,3,3,3,3,3
10277,3,3,3,3,3,3,3,3
10279,3,3,3,3,3,3,3,3
10282,3,3,3,4,3,3,3,3
10286,3,3,3,3,3,3,3,3
10294,3,3,3,4,3,3,3,3
10295,3,3,3,3,3,3,3,3
10302,3,3,3,3,3,3,3,3
10304,3,3,3,3,3,3,3,3
10306,3,3,3,3,3,3,3,3
10313,3,3,3,5,3,3,3,3
10314,3,3,3,3,3,3,3,3
10320,3,3,3,3,3,3,3,3
10326,3,3,3,3,3,3,3,3
10331,3,3,3,4,3,3,3,3
10332,3,3,3,3,3,3,3,3
10335,3,3,3,3,3,3,3,3
10347,3,3,3,3,3,3,3,3
10348,3,3,3,3,3,3,3,3
10350,3,3,3,3,3,3,3,3
10361,3,3,3,3,3,3,3,3
10362,3,3,3,3,3,3,3,3
10366,3,3,3,3,3,3,3,3
10369,3,3,3,3,3,3,3,3
10370,3,3,3,3,3,3,3,3
10371,3,3,3,3,3,3,3,3
10372,3,3,3,3,3,3,3,3
10381,3,3,3,3,3,3,3,3
10386,3,3,3,4,3,3,3,3
10388,3,3,3,3,3,3,3,3
10392,3,3,4,4,4,3,3,3
10393,3,3,3,3,3,3,3,3
10394,3,3,3,3,3,3,3,3
10395,3,2,2,2,2,3,2,2
10412,3,3,3,3,3,3,3,3
10413,3,3,3,3,3,3,3,3
10415,3,3,4,2,4,3,3,3
10431,3,3,3,3,3,3,3,3
10436,3,3,3,3,3,3,3,3
10438,3,3,3,3,3,3,3,3
10443,3,3,3,3,3,3,3,3
10448,3,3,3,3,3,3,3,3
10454,3,3,3,3,3,3,3,3
10455,3,3,3,3,3,3,3,3
10459,3,3,3,3,3,3,3,3
10463,3,3,3,3,3,3,3,3
10469,3,3,3,4,3,3,3,3
10472,3,3,3,3,3,3,3,3
10474,3,3,3,1,3,3,3,3
10479,3,3,4,1,4,3,3,3
10488,3,3,3,3,3,3,3,3
10489,3,3,4,4,4,3,3,3
10490,3,3,3,3,3,3,3,3
10492,3,3,3,4,3,3,3,3
10504,3,3,3,3,3,3,3,3
10506,3,3,3,3,3,3,3,3
10514,3,3,3,3,3,3,3,3
10518,3,3,3,3,3,3,3,3
10519,3,3,3,3,3,3,3,3
10523,3,3,3,3,3,3,3,3
10530,3,3,3,3,3,3,3,3
10535,3,3,4,4,4,3,3,3
10536,3,3,3,3,3,3,3,3
10543,3,3,3,3,3,3,3,3
10546,3,3,3,3,3,3,3,3
10547,3,3,3,3,3,3,3,3
10554,3,3,3,3,3,3,3,3
10562,3,3,1,1,1,3,3,3
10563,3,3,3,3,3,3,3,3
10564,3,3,3,3,3,3,3,3
10582,3,3,3,3,3,3,3,3
10586,3,3,3,3,3,3,3,3
10592,3,3,3,3,3,3,3,3
10593,3,3,4,4,3,3,3,3
10594,3,4,4,1,3,4,4,4
10607,3,3,3,3,3,3,3,3
10609,3,3,3,3,3,3,3,3
10611,3,3,3,3,3,3,3,3
10621,3,3,3,4,3,3,3,3
10627,3,3,3,3,3,3,3,3
10629,3,3,3,3,3,3,3,3
10642,3,3,3,3,3,3,3,3
10643,3,3,3,3,3,3,3,3
10648,3,3,3,4,3,3,3,3
10655,3,3,3,3,3,3,3,3
10666,3,3,3,4,3,3,3,3
10667,3,3,3,4,3,3,3,3
10668,3,3,3,3,3,3,3,3
10670,3,3,3,3,3,3,3,3
10676,3,3,3,3,3,3,3,3
10678,3,3,3,3,3,3,3,3
10685,3,3,3,5,3,3,3,3
10695,3,3,3,3,3,3,3,3
10696,3,3,3,3,3,3,3,3
10699,3,3,4,4,4,3,3,3
10703,3,3,3,3,3,3,3,3
10709,3,3,3,3,3,3,3,3
10712,3,3,3,3,3,3,3,3
10718,3,3,3,3,3,3,3,3
10720,3,3,3,3,3,3,3,3
10721,3,3,3,3,3,3,3,3
10722,3,3,3,3,3,3,3,3
10724,3,3,3,3,3,3,3,3
10727,3,3,3,3,3,3,3,3
10730,3,3,3,3,3,3,3,3
10734,3,2,2,2,2,2,2,2
10736,3,3,3,3,3,3,3,3
10738,3,3,3,3,3,3,3,3
10739,3,3,3,3,3,3,3,3
10740,3,3,3,3,3,3,3,3
10741,3,3,3,3,3,3,3,3
10746,3,3,3,3,3,3,3,3
10751,3,3,3,3,3,3,3,3
10753,3,3,4,2,4,3,3,3
10754,3,3,3,3,3,3,3,3
10755,3,3,3,3,3,3,3,3
10756,3,3,3,4,3,3,3,3
10757,3,3,3,3,3,3,3,3
10759,3,3,3,3,3,3,3,3
10764,3,3,3,3,3,3,3,3
10771,3,3,2,1,4,4,4,4
10772,3,3,3,4,3,3,3,3
10775,3,3,3,1,3,3,3,3
10779,3,3,3,3,3,3,3,3
10781,3,3,2,2,2,3,3,3
10782,3,3,3,3,3,3,3,3
10786,3,3,3,1,3,3,3,3
10789,3,3,3,1,3,3,3,3
10793,3,3,3,3,3,3,3,3
10799,3,3,3,1,3,3,3,3
10801,3,3,2,2,2,3,3,3
10808,3,3,3,3,3,3,3,3
10816,3,3,3,3,3,3,3,3
10828,3,3,3,3,3,3,3,3
10830,3,2,2,2,2,3,3,2
10838,3,3,3,3,3,3,3,3
10839,3,3,2,2,2,3,3,3
10855,3,3,3,3,3,3,3,3
10858,3,3,3,3,3,3,3,3
10859,3,3,3,3,3,3,3,3
10885,3,3,4,2,4,3,3,3
10889,3,3,3,4,3,3,3,3
10900,3,3,3,3,3,3,3,3
10913,3,2,4,2,4,2,3,2
10916,3,4,4,4,4,4,4,4
10917,3,3,3,1,3,3,4,3
10922,3,3,4,1,4,3,3,3
10926,3,3,3,3,3,3,3,3
10927,3,3,3,5,3,3,3,3
10929,3,3,3,3,3,3,3,3
10937,3,3,3,3,3,3,3,3
10942,3,3,3,3,3,3,3,3
10947,3,3,3,3,3,3,3,3
10951,3,3,3,3,3,3,3,3
10964,3,3,3,3,3,3,3,3
10967,3,3,3,3,3,3,3,3
10976,3,3,3,3,3,3,3,3
10983,3,3,3,3,3,3,3,3
10985,3,3,3,4,3,3,3,3
11000,3,3,3,4,3,3,3,3
11010,3,3,3,1,3,3,3,3
11014,3,3,3,1,3,3,3,3
11024,3,3,2,2,2,3,3,3
11030,3,3,2,1,3,1,3,3
11038,3,3,3,3,3,3,3,3
11049,3,3,3,3,3,3,3,3
11054,3,3,4,4,4,3,3,3
11062,3,3,3,3,3,3,3,3
11070,3,3,3,3,3,3,3,3
11077,3,3,3,3,3,3,3,3
11083,3,3,3,3,3,3,3,3
11085,3,3,3,3,3,3,3,3
11089,3,3,3,3,3,3,3,3
11096,3,3,3,5,3,3,3,3
11106,3,3,3,3,3,3,3,3
11111,3,3,3,3,3,3,3,3
11112,3,4,3,4,3,3,3,3
11114,3,3,3,3,3,3,3,3
11121,3,3,3,3,3,3,3,3
11127,3,3,4,4,4,3,3,3
11130,3,3,3,3,3,3,3,3
11131,3,3,3,4,3,3,3,3
11132,3,3,3,3,3,3,3,3
11150,3,3,3,3,3,3,3,3
11153,3,3,3,3,3,3,3,3
11155,3,3,3,3,3,3,3,3
11164,3,3,4,4,4,2,2,2
11165,3,3,3,3,3,3,3,3
11172,3,3,4,2,4,3,3,3
11173,3,3,3,3,3,3,3,3
11174,3,3,3,3,3,3,3,3
11183,3,3,3,3,3,3,3,3
11186,3,3,3,3,3,3,3,3
11188,3,3,3,3,3,3,3,3
11196,4,4,2,1,1,4,4,4
11199,4,4,4,3,4,4,4,4
11204,4,5,4,5,4,5,4,4
11205,4,1,2,1,1,1,1,1
11216,4,4,4,3,4,4,4,4
11218,4,4,2,1,4,4,4,4
11226,4,4,4,1,4,4,4,4
11237,4,4,2,2,2,4,4,4
11241,4,4,4,4,4,4,4,4
11242,4,4,4,1,4,4,4,4
11249,4,4,2,4,2,4,4,4
11252,4,4,4,2,4,4,4,4
11256,4,4,4,4,4,4,4,4
11258,4,2,2,2,2,2,2,2
11259,4,5,1,1,1,2,4,1
11260,4,4,4,4,4,4,4,4
11263,4,4,4,1,4,4,4,4
11266,4,2,2,4,4,2,2,2
11275,4,4,5,4,4,4,4,4
11279,4,4,2,2,2,4,4,4
11280,4,2,2,4,2,2,2,2
11284,4,4,4,1,1,4,4,4
11285,4,4,4,4,4,4,4,4
11292,4,4,4,5,4,4,4,4
11294,4,4,4,1,4,4,4,4
11295,4,4,4,1,1,4,1,1
11299,4,4,4,1,4,4,4,4
11306,4,4,5,5,5,4,4,4
11309,4,4,4,1,4,4,4,4
11313,4,4,4,5,4,4,4,4
11319,4,4,4,1,4,1,4,4
11331,4,4,2,2,2,4,2,2
11332,4,4,5,5,4,4,4,4
11334,4,4,4,4,4,4,4,4
11336,4,4,4,1,1,4,4,4
11339,4,4,2,4,4,4,4,4
11343,4,4,5,3,4,4,4,4
11356,4,4,2,2,2,1,4,4
11359,4,4,4,3,4,4,4,4
11368,4,4,4,3,4,4,4,4
11372,4,4,4,5,2,4,4,4
11375,4,4,4,1,4,4,4,4
11377,4,4,4,1,4,4,4,4
11387,4,4,4,4,3,4,4,4
11388,4,4,4,1,4,4,4,4
11396,4,4,4,3,4,2,4,4
11404,4,5,4,5,4,1,5,5
11405,4,4,5,5,5,5,4,4
11406,4,4,4,4,4,4,4,4
11410,4,1,1,4,4,4,1,1
11416,4,4,4,5,2,4,4,4
11430,4,4,1,1,1,4,4,4
11431,4,4,4,4,4,4,4,4
11435,4,4,4,1,5,4,4,4
11444,4,4,2,1,4,4,4,4
11449,4,4,4,2,4,4,4,4
11460,4,4,4,1,4,4,4,4
11464,4,4,4,1,4,4,4,4
11473,4,5,4,4,5,5,5,5
11479,4,4,4,4,4,2,4,4
11482,4,4,5,5,4,1,4,4
11483,4,4,5,3,4,4,4,4
11492,4,4,1,1,1,4,1,1
11502,4,4,2,2,2,4,4,4
11503,4,1,4,4,4,2,1,1
11509,4,4,5,5,4,4,4,4
11511,4,4,4,2,4,4,4,4
11513,4,1,1,1,1,1,1,1
11531,4,3,4,3,4,3,3,3
11536,4,1,1,1,1,4,1,1
11545,4,4,4,1,4,4,4,4
11554,4,1,4,4,4,1,1,1
11575,4,4,5,4,4,4,4,4
11577,4,4,4,4,3,2,4,4
11578,4,4,3,2,3,4,3,3
11579,4,4,4,1,4,4,4,4
11580,4,4,5,1,5,4,5,4
11584,4,4,3,4,3,4,4,4
11595,4,4,4,1,1,4,4,4
11601,4,4,4,1,2,2,5,2
11602,4,4,3,3,3,4,4,4
11607,4,4,4,4,4,4,4,4
11610,4,4,4,2,4,4,4,4
11611,4,4,5,1,5,4,4,4
11617,4,4,5,4,4,4,4,4
11630,4,1,2,1,2,1,4,1
11632,4,4,4,5,5,4,4,4
11642,4,4,4,1,1,4,4,4
11643,4,4,4,4,4,4,4,4
11649,4,4,5,3,5,4,4,4
11651,4,4,4,1,4,4,4,4
11656,4,4,4,4,4,4,4,4
11663,4,4,4,1,1,4,4,4
11670,4,4,5,3,5,4,4,4
11673,4,4,4,1,1,4,4,4
11674,4,4,4,5,4,4,4,4
11680,4,4,3,3,3,3,3,3
11683,4,4,4,3,4,4,4,4
11684,4,4,4,5,4,4,4,4
11685,4,3,5,4,5,3,3,3
11690,4,4,4,4,4,4,4,4
11693,4,4,4,4,4,4,4,4
11695,4,4,4,4,4,4,4,4
11696,4,4,4,1,3,4,4,4
11698,4,4,4,1,4,4,4,4
11702,4,4,4,4,4,4,4,4
11714,4,4,4,1,4,4,4,4
11715,4,4,2,2,1,4,4,4
11720,4,5,4,1,5,1,5,5
11721,4,4,1,5,1,4,1,1
11722,4,4,5,3,5,4,4,4
11728,4,4,4,4,4,4,4,4
11735,4,4,4,1,3,4,4,4
11737,4,4,2,4,2,4,4,4
11738,4,4,4,4,4,4,4,4
11740,4,3,4,4,4,4,4,4
11744,4,4,4,4,4,4,4,4
11760,4,4,4,5,4,4,4,4
11762,4,4,1,1,1,4,4,4
11770,4,4,4,4,4,4,4,4
11777,4,4,3,1,3,4,4,4
11784,4,4,5,4,4,4,4,4
11793,4,4,5,1,1,4,4,4
11795,4,4,5,3,5,4,4,4
11797,4,4,4,1,4,4,4,4
11798,4,4,4,1,4,4,4,4
11806,4,4,4,3,4,4,4,4
11809,4,4,4,1,1,4,4,4
11811,4,4,4,4,4,4,4,4
11816,4,4,5,3,5,4,4,4
11821,4,4,4,4,4,4,4,4
11828,4,4,4,5,4,4,4,4
11830,4,4,4,1,4,4,4,4
11833,4,4,4,3,4,4,4,4
11838,4,2,4,5,2,4,2,2
11846,4,4,4,3,4,4,4,4
11852,4,4,5,3,5,4,4,4
11856,4,4,4,2,1,4,4,4
11863,4,4,4,3,4,4,4,4
11867,4,4,4,1,4,4,4,4
11868,4,4,3,3,4,4,4,4
11870,4,4,4,4,4,4,4,4
11871,4,4,4,1,4,1,4,4
11876,4,4,4,1,4,4,4,4
11880,4,4,4,4,4,4,4,4
11881,4,4,4,4,3,4,4,4
11885,4,4,4,4,3,4,3,3
11895,4,4,3,3,3,4,4,4
11902,4,4,5,1,4,4,4,4
11903,4,4,1,1,1,4,1,1
11904,4,4,5,4,5,4,4,4
11909,4,4,4,4,2,4,4,4
11910,4,4,4,4,4,4,4,4
11914,4,1,4,5,5,1,1,1
11918,4,4,4,1,4,4,4,4
11926,4,4,4,4,4,4,4,4
11927,4,4,4,4,3,4,4,4
11935,4,4,4,4,4,4,4,4
11938,4,4,4,1,4,4,4,4
11943,4,5,4,4,3,5,5,5
11951,4,4,4,5,4,4,4,4
11954,4,4,4,1,4,4,4,4
11955,4,4,1,1,1,4,1,1
11967,4,4,5,3,4,4,4,4
11969,4,4,4,1,3,4,4,4
11973,4,4,4,4,4,4,4,4
11974,4,4,4,4,4,4,4,4
11979,4,4,2,2,2,4,4,4
11986,4,4,1,5,4,4,4,4
11987,4,4,4,1,4,4,4,4
11988,4,1,4,1,4,1,5,1
11989,4,4,5,5,5,4,1,4
11995,4,4,1,5,5,4,4,4
11998,4,4,4,1,4,4,4,4
12000,4,4,5,5,4,4,4,4
12001,4,4,4,4,4,4,4,4
12007,4,4,4,4,4,4,4,4
12013,4,4,4,4,4,4,4,4
12014,4,4,4,1,4,4,4,4
12017,4,4,4,3,4,4,4,4
12021,4,2,2,4,2,2,2,2
12022,4,4,4,4,4,4,4,4
12023,4,4,4,4,4,4,4,4
12025,4,4,1,1,1,4,1,1
12026,4,4,4,3,4,4,4,4
12044,4,4,4,4,4,4,4,4
12051,4,4,1,1,1,4,4,4
12055,4,4,4,4,4,4,4,4
12057,4,2,1,1,1,2,1,1
12064,4,4,4,3,4,4,4,4
12076,4,4,4,4,4,4,4,4
12079,4,4,3,1,3,4,4,4
12080,4,4,5,1,5,4,4,4
12083,4,4,5,3,4,4,4,4
12091,4,4,4,1,5,4,4,4
12094,4,4,4,3,4,4,4,4
12104,4,4,3,3,3,3,4,3
12114,4,4,5,3,5,4,4,4
12117,4,5,4,1,4,1,4,4
12120,4,4,4,3,4,4,4,4
12126,4,4,4,3,4,4,4,4
12134,4,4,4,4,4,4,4,4
12135,4,4,5,3,5,4,4,4
12136,4,4,4,4,4,4,4,4
12137,4,4,4,1,3,4,4,4
12156,4,4,5,3,5,4,4,4
12159,4,4,4,2,1,4,4,4
12160,4,4,4,1,4,2,4,4
12167,4,4,3,3,4,4,4,4
12171,4,4,4,4,4,4,4,4
12179,4,5,4,1,4,5,5,5
12186,4,4,4,4,4,4,4,4
12205,4,4,4,1,4,4,4,4
12222,4,2,2,2,2,2,2,2
12226,4,3,4,4,4,4,4,4
12231,4,4,4,1,4,4,4,4
12241,4,4,4,1,4,4,4,4
12244,4,4,4,4,4,4,5,4
12276,4,3,3,4,3,3,3,3
12281,4,4,4,4,3,4,4,4
12284,4,4,5,5,4,4,4,4
12286,4,4,4,4,4,4,4,4
12288,4,4,1,1,1,4,4,4
12298,4,4,4,2,4,4,4,4
12304,4,4,1,1,1,4,4,4
12307,4,4,4,4,4,2,4,4
12315,4,4,5,1,5,4,4,4
12318,4,4,4,4,4,4,4,4
12322,4,4,5,3,4,4,4,4
12326,4,4,4,5,5,4,4,4
12330,4,4,1,1,1,1,1,1
12336,4,4,5,1,1,4,4,4
12340,4,4,5,1,5,4,4,4
12342,4,4,5,3,4,4,4,4
12352,4,1,1,5,4,4,1,1
12355,4,4,2,1,4,4,4,4
12367,4,2,2,2,2,4,2,2
12372,4,1,1,1,1,1,1,1
12379,4,4,2,4,2,4,4,4
12380,4,4,4,4,4,4,4,4
12383,4,1,1,1,1,1,1,1
12393,4,4,4,2,4,4,4,4
12398,4,4,4,2,3,4,4,4
12400,4,4,4,4,4,4,4,4
12410,4,4,4,4,4,4,4,4
12425,4,4,1,5,1,4,4,4
12432,4,4,4,4,4,4,4,4
12447,4,4,4,4,4,4,4,4
12450,4,5,5,1,5,5,5,5
12451,4,4,5,5,5,4,4,4
12457,4,4,4,4,4,4,4,4
12462,4,4,4,4,4,4,4,4
12474,4,2,2,2,2,2,2,2
12476,4,4,5,3,5,4,4,4
12479,4,4,2,1,1,4,4,4
12481,4,1,1,2,1,2,4,1
12487,4,4,1,1,1,4,1,1
12493,4,4,4,4,4,4,4,4
12505,4,4,3,3,3,4,4,4
12507,4,4,4,1,3,4,4,4
12512,4,4,4,2,3,4,4,4
12513,4,4,2,2,2,4,4,4
12517,4,5,4,4,4,4,4,4
12519,4,4,1,5,1,4,1,1
12521,4,4,4,3,4,4,4,4
12523,4,4,4,2,3,4,4,4
12529,4,4,4,1,4,4,4,4
12533,4,4,4,1,4,4,4,4
12537,4,4,3,3,3,4,4,4
12541,4,4,5,3,5,4,4,4
12547,4,4,4,4,4,4,4,4
12550,4,4,4,1,4,4,4,4
12560,4,4,4,4,4,4,4,4
12562,4,4,3,3,5,4,4,4
12564,4,4,4,3,4,4,4,4
12565,4,4,4,4,4,4,4,4
12568,4,4,4,4,4,2,4,4
12575,4,4,4,4,3,4,4,4
12580,4,4,4,5,4,4,4,4
12600,4,4,4,4,4,4,4,4
12606,4,4,4,3,4,4,4,4
12612,4,4,4,5,5,4,4,4
12617,4,4,1,1,1,4,1,1
12629,4,4,5,3,5,4,4,4
12632,4,4,4,1,4,4,4,4
12640,4,4,4,3,4,4,4,4
12643,4,4,1,1,1,4,4,4
12645,4,4,4,3,4,4,4,4
12649,4,4,1,5,1,4,4,4
12652,4,4,4,1,3,4,4,4
12654,4,4,2,2,1,4,4,4
12655,4,2,2,2,2,2,2,2
12661,4,4,4,3,4,4,4,4
12662,4,4,4,4,3,4,4,4
12670,4,4,1,1,1,4,1,1
12674,4,4,4,2,3,4,4,4
12675,4,4,2,1,1,4,4,4
12679,4,4,4,4,4,4,4,4
12681,4,1,1,1,1,1,1,1
12688,4,4,4,4,4,4,4,4
12692,4,1,1,1,1,1,1,1
12695,4,4,4,1,3,4,4,4
12696,4,4,4,1,1,4,4,4
12702,4,4,1,5,1,4,4,4
12718,4,4,1,1,1,4,1,1
12727,4,4,4,1,4,4,4,4
12742,4,4,4,1,4,4,4,4
12746,4,4,4,3,4,4,4,4
12750,4,4,4,5,2,4,4,4
12762,4,4,4,4,4,4,4,4
12765,4,4,1,1,1,4,1,1
12766,4,4,5,3,5,4,4,4
12769,4,4,4,2,4,4,4,4
12774,4,4,4,1,4,4,4,4
12775,4,1,1,1,1,1,1,1
12783,4,4,4,3,4,4,4,4
12784,4,5,4,4,4,5,5,5
12785,4,3,3,4,3,4,3,3
12789,4,4,5,4,5,4,4,4
12800,4,4,4,1,4,4,4,4
12801,4,4,1,1,1,4,1,1
12804,4,4,1,1,1,4,4,4
12812,4,4,4,4,4,4,4,4
12819,4,4,4,1,3,4,4,4
12826,4,4,4,1,1,4,4,4
12830,4,4,4,1,1,4,4,4
12831,4,4,4,1,4,4,4,4
12834,4,4,4,4,4,4,4,4
12835,4,4,4,4,4,4,4,4
12836,4,4,5,1,3,4,4,4
12845,4,2,2,1,2,2,2,2
12846,4,4,4,1,4,4,4,4
12852,4,4,4,2,4,4,4,4
12856,4,4,4,4,4,4,4,4
12861,4,4,3,1,3,4,4,4
12866,4,2,2,2,2,2,2,2
12867,4,4,4,4,4,5,4,4
12871,4,5,4,4,4,5,4,4
12874,4,4,2,1,1,4,4,4
12880,4,4,4,5,5,4,4,4
12881,4,5,5,3,4,4,4,4
12883,4,4,4,2,3,4,4,4
12888,4,2,2,4,2,2,2,2
12906,4,4,4,1,1,4,4,4
12911,4,4,4,1,1,4,4,4
12916,4,4,2,2,1,1,4,1
12924,4,4,4,3,3,4,4,4
12927,4,4,1,1,1,4,4,4
12931,4,4,5,1,4,4,4,4
12946,4,4,4,2,4,4,4,4
12947,4,4,1,2,1,4,4,4
12950,4,3,3,3,3,4,3,3
12959,4,4,3,3,4,4,4,4
12962,4,4,4,2,4,4,4,4
12971,4,4,4,3,4,4,4,4
12989,4,4,4,1,1,4,4,4
12994,4,4,4,1,4,4,4,4
12997,4,4,4,4,4,4,4,4
12998,4,4,4,4,4,4,4,4
12999,4,4,4,1,4,4,4,4
13006,4,4,1,1,1,4,4,4
13008,4,4,4,4,4,4,4,4
13019,4,4,4,3,4,4,4,4
13022,4,5,5,4,5,4,4,4
13028,4,4,4,1,4,4,4,4
13031,4,4,4,3,4,4,4,4
13032,4,4,5,3,5,3,3,3
13034,4,4,1,1,1,4,1,1
13049,4,4,4,1,4,4,4,4
13065,4,4,1,1,1,4,4,4
13075,4,4,4,1,4,4,4,4
13078,4,4,4,3,4,4,4,4
13091,4,4,1,1,1,4,4,4
13093,4,4,4,4,4,4,4,4
13100,4,4,4,3,4,4,4,4
13105,4,4,4,4,4,4,4,4
13108,4,4,1,5,1,4,1,1
13116,4,4,4,4,4,4,4,4
13117,4,4,5,1,3,4,4,4
13138,4,4,5,1,5,4,4,4
13145,4,4,4,5,1,4,4,4
13152,4,3,4,4,3,3,3,3
13154,4,4,1,2,1,4,4,4
13162,4,4,4,4,3,4,4,4
13171,4,4,5,3,4,4,4,4
13173,4,4,4,1,3,4,4,4
13175,4,4,5,1,5,4,4,4
13176,4,4,5,4,4,4,4,4
13177,4,4,4,3,4,4,4,4
13179,4,4,5,1,3,4,4,4
13183,4,4,3,4,3,4,3,3
13188,4,4,3,3,3,4,4,4
13205,4,4,4,1,4,4,4,4
13208,4,4,4,4,3,4,4,4
13214,4,3,4,4,3,3,4,3
13219,4,4,4,3,4,4,4,4
13221,4,4,4,1,1,4,4,4
13224,4,4,4,3,3,3,4,3
13225,4,4,4,1,3,4,4,4
13227,4,4,2,2,2,4,4,4
13235,4,4,4,1,4,4,4,4
13244,4,4,5,3,5,5,4,4
13248,4,1,1,1,1,1,1,1
13254,4,4,5,3,4,4,4,4
13259,4,4,4,4,4,4,4,4
13267,4,4,4,1,4,4,4,4
13279,4,4,2,2,2,4,2,2
13284,4,4,1,5,1,4,1,1
13287,4,4,4,1,3,4,4,4
13300,4,4,2,2,2,2,2,2
13302,4,4,4,4,4,4,4,4
13303,4,4,4,4,4,4,4,4
13304,4,4,4,1,4,4,4,4
13310,4,4,1,1,1,4,4,4
13312,4,4,4,4,4,4,4,4
13315,4,4,1,1,1,4,4,4
13319,4,4,4,1,4,4,4,4
13320,4,2,2,2,2,2,2,2
13332,4,4,2,1,4,4,4,4
13345,4,4,4,4,4,4,4,4
13346,4,4,2,4,4,4,4,4
13349,4,4,5,5,5,4,4,4
13350,4,4,5,3,5,4,4,4
13357,4,4,4,4,4,4,4,4
13362,4,4,4,4,3,4,4,4
13364,4,4,2,2,2,4,4,4
13368,4,4,4,4,3,4,4,4
13371,4,4,4,3,4,4,4,4
13372,4,4,4,1,4,4,4,4
13376,4,4,4,4,4,4,4,4
13386,4,4,4,4,4,4,4,4
13391,4,4,5,3,5,4,4,4
13402,4,4,5,3,5,4,4,4
13405,4,4,1,1,1,4,4,4
13409,4,5,5,1,5,4,4,4
13410,4,5,4,1,4,5,5,5
13411,4,4,5,3,5,4,4,4
13412,4,4,5,3,5,4,4,4
13417,4,5,4,4,4,4,1,4
13423,4,4,4,3,3,4,4,4
13429,4,4,4,4,4,4,4,4
13432,4,4,5,3,5,4,4,4
13434,4,4,4,1,3,4,4,4
13437,4,4,4,4,4,4,4,4
13438,4,4,4,4,4,4,4,4
13441,4,1,1,1,1,1,1,1
13442,4,4,5,5,5,4,4,4
13451,4,4,4,1,4,4,4,4
13461,4,4,4,2,4,4,4,4
13462,4,4,4,1,4,4,4,4
13463,4,4,4,1,4,4,4,4
13465,4,4,4,4,4,4,4,4
13468,4,4,4,1,3,4,4,4
13470,4,4,4,5,4,5,5,4
13472,4,4,4,4,3,4,3,3
13476,4,4,4,4,4,4,4,4
13483,4,1,2,1,1,1,1,1
13484,4,4,4,1,1,4,4,4
13488,4,4,4,1,4,4,4,4
13490,4,4,1,5,1,4,1,1
13510,4,4,4,1,3,4,4,4
13511,4,4,1,5,1,4,4,4
13517,4,4,4,2,2,4,4,4
13523,4,4,5,3,5,4,4,4
13525,4,4,3,1,3,4,4,4
13527,4,4,5,5,4,4,4,4
13532,4,4,5,5,5,4,4,4
13534,4,4,3,3,3,4,4,4
13535,4,4,4,1,3,4,4,4
13536,4,4,4,1,1,4,4,4
13541,4,4,5,1,5,4,4,4
13545,4,4,4,3,3,4,4,4
13552,4,4,1,1,1,4,4,4
13553,4,4,3,3,3,4,4,4
13557,4,4,4,2,4,4,4,4
13563,4,4,1,5,1,4,4,4
13567,4,4,1,1,1,4,4,4
13571,4,4,5,4,5,4,5,4
13577,4,4,4,2,4,4,4,4
13578,4,4,5,5,5,4,4,4
13580,4,4,4,3,3,4,4,4
13582,4,4,5,1,4,4,4,4
13583,4,4,1,5,1,4,4,4
13585,4,4,3,3,3,4,4,4
13588,4,4,2,2,2,4,4,4
13592,4,3,3,3,3,3,4,3
13598,4,4,4,3,4,4,4,4
13599,4,4,3,1,3,4,4,4
13600,4,4,4,1,4,4,4,4
13604,4,4,4,4,4,4,4,4
13612,4,4,4,4,4,4,4,4
13621,4,4,2,2,1,4,4,4
13629,4,4,3,3,3,4,4,4
13634,4,4,4,3,4,4,4,4
13659,4,4,5,3,5,4,4,4
13662,4,4,4,1,4,4,4,4
13664,4,4,3,3,3,4,4,4
13681,4,3,3,3,3,3,4,3
13683,4,4,4,4,4,1,4,4
13684,4,4,4,5,4,4,4,4
13697,4,4,4,4,4,5,4,4
13698,4,4,5,1,5,4,4,4
13700,4,4,5,3,5,4,4,4
13701,4,4,3,3,3,4,4,4
13712,4,4,4,4,3,4,4,4
13713,4,4,4,1,3,4,4,4
13717,4,3,3,3,3,4,4,3
13722,4,4,3,3,3,4,3,3
13725,4,4,4,3,4,4,4,4
13727,4,4,4,1,4,4,4,4
13732,4,4,1,1,1,4,4,4
13733,4,4,5,4,4,4,4,4
13734,4,4,3,3,3,4,4,4
13736,4,4,5,1,3,4,4,4
13739,4,3,3,3,3,3,3,3
13743,4,4,4,2,2,4,4,4
13749,4,4,1,4,4,4,4,4
13752,4,4,2,1,1,4,4,4
13760,4,4,4,3,4,4,4,4
13776,4,4,2,4,4,4,4,4
13779,4,4,1,1,1,4,1,1
13785,4,2,2,1,2,2,2,2
13799,4,4,3,1,3,4,4,4
13802,4,3,3,3,3,3,3,3
13803,4,3,3,4,3,4,3,3
13813,4,3,3,3,3,3,3,3
13815,4,4,2,2,4,4,4,4
13816,4,4,1,1,1,1,1,1
13817,4,4,5,4,4,4,4,4
13826,4,1,1,1,1,4,1,1
13835,4,4,4,1,3,4,4,4
13842,4,5,1,5,1,5,5,5
13861,4,4,4,1,4,4,4,4
13870,4,4,2,4,2,4,2,2
13871,4,4,4,1,4,4,4,4
13883,4,4,4,1,4,4,4,4
13887,4,4,4,1,3,4,4,4
13889,4,4,5,5,5,4,4,4
13901,4,4,3,3,3,4,4,4
13909,4,4,4,2,4,4,4,4
13913,4,4,4,3,4,4,4,4
13923,4,2,4,4,4,2,2,2
13935,4,4,4,2,4,4,4,4
13938,4,4,3,3,3,4,4,4
13945,4,4,4,1,4,4,4,4
13947,4,4,1,5,4,4,4,4
13949,4,3,3,4,3,3,3,3
13950,4,4,4,1,4,4,4,4
13959,4,4,4,3,4,4,4,4
13961,4,4,4,1,4,4,4,4
13962,4,2,2,2,2,2,2,2
13963,4,4,1,5,1,1,4,1
13968,4,4,2,2,2,4,4,4
13977,4,4,4,4,4,4,4,4
13983,4,4,3,3,3,4,4,4
13989,4,4,4,4,4,4,4,4
13991,4,4,4,1,4,4,4,4
13992,4,4,5,3,4,4,4,4
13993,4,4,5,3,5,4,4,4
13999,4,4,4,4,4,4,2,4
14001,4,4,4,1,4,4,4,4
14008,4,4,4,3,4,4,4,4
14025,4,4,3,4,3,4,3,3
14029,4,4,4,4,4,4,4,4
14030,4,4,4,4,4,4,4,4
14032,4,1,1,1,1,1,1,1
14036,4,4,4,1,4,4,4,4
14048,4,2,2,2,2,2,2,2
14049,4,2,2,2,2,2,2,2
14052,4,4,4,4,4,4,4,4
14059,4,4,1,5,1,4,1,1
14066,4,4,3,3,3,4,4,4
14071,4,4,4,4,4,4,4,4
14073,4,4,4,1,4,4,4,4
14074,4,4,4,1,1,4,4,4
14075,4,1,1,5,1,1,1,1
14079,4,1,4,1,1,1,4,1
14083,4,4,4,4,4,4,4,4
14096,4,4,4,1,4,4,4,4
14106,4,4,1,5,1,4,4,4
14115,4,4,4,1,4,4,4,4
14116,4,4,4,1,1,4,4,4
14117,4,4,4,4,4,4,4,4
14121,4,4,4,1,1,4,4,4
14123,4,4,5,3,5,4,4,4
14125,4,1,1,1,1,4,1,1
14132,4,4,1,1,1,4,1,1
14133,4,5,1,5,1,5,5,5
14136,4,4,4,1,4,4,4,4
14137,4,2,2,2,2,2,2,2
14142,4,4,4,1,1,4,4,4
14148,4,4,1,4,1,4,1,1
14149,4,1,2,1,2,1,1,1
14153,4,1,1,1,1,4,1,1
14158,4,4,1,2,1,4,1,1
14159,4,4,1,4,1,4,4,4
14160,4,4,3,3,3,4,4,4
14166,4,4,4,3,4,4,4,4
14182,4,4,3,3,3,4,4,4
14188,4,4,4,1,4,4,4,4
14194,4,4,2,2,2,2,4,2
14202,4,4,3,4,4,3,4,4
14208,4,4,5,3,5,4,4,4
14216,4,1,5,1,5,1,1,1
14217,4,4,1,5,1,4,4,4
14218,4,4,5,3,5,4,4,4
14221,4,4,4,1,4,4,4,4
14223,4,2,2,2,2,2,2,2
14224,4,4,4,4,4,4,4,4
14228,4,4,1,3,5,4,4,4
14244,4,4,1,4,1,4,4,4
14245,4,4,4,3,4,4,4,4
14246,4,4,3,3,3,3,4,3
14250,4,4,3,3,3,4,4,4
14252,4,4,5,1,5,4,4,4
14264,4,5,1,5,4,1,1,1
14272,4,3,3,3,3,3,3,3
14273,4,4,4,1,4,4,4,4
14274,4,1,1,1,1,4,1,1
14276,4,4,5,3,5,4,4,4
14277,4,4,4,4,3,4,4,4
14282,4,2,4,4,4,2,2,2
14284,4,1,4,2,3,1,4,1
14290,4,4,4,4,4,4,4,4
14294,4,4,1,1,1,4,1,1
14296,4,3,3,3,3,4,3,3
14300,4,4,4,4,4,4,4,4
14303,4,4,4,1,4,4,4,4
14311,4,4,4,4,4,4,4,4
14313,4,4,4,4,4,4,4,4
14324,4,5,5,4,5,5,5,5
14326,4,4,5,3,5,4,5,4
14335,4,4,4,1,5,4,5,4
14339,4,3,1,4,3,3,3,3
14342,4,4,4,4,4,4,4,4
14360,4,4,4,4,3,4,4,4
14364,4,4,4,3,4,4,4,4
14368,4,4,5,3,5,4,4,4
14379,4,4,2,2,4,4,4,4
14388,4,4,5,3,5,4,3,4
14395,4,4,4,4,5,4,4,4
14399,4,4,5,3,5,4,4,4
14403,4,4,5,5,5,4,4,4
14411,4,4,4,1,4,4,4,4
14416,4,4,4,4,4,4,4,4
14420,4,4,5,3,5,4,4,4
14429,4,4,1,1,1,4,1,1
14438,4,4,4,1,3,4,4,4
14440,4,4,3,3,5,4,4,4
14442,4,4,4,4,3,4,4,4
14443,4,4,4,1,3,4,4,4
14446,4,4,4,4,4,4,4,4
14450,4,4,1,5,4,4,4,4
14456,4,4,4,4,4,4,4,4
14464,4,4,4,1,3,4,4,4
14467,4,4,4,4,4,4,4,4
14470,4,4,4,1,1,4,4,4
14475,4,4,4,1,4,4,4,4
14489,4,4,4,3,4,4,4,4
14490,4,4,4,1,4,4,4,4
14500,4,4,4,4,4,5,5,4
14506,4,4,4,1,3,4,4,4
14517,5,5,4,5,4,4,5,4
14522,5,1,1,1,1,1,1,1
14523,5,5,4,4,4,5,4,4
14528,5,4,4,5,4,5,4,4
14529,5,5,4,1,4,1,4,4
14531,5,5,5,5,5,5,5,5
14536,5,4,5,1,5,5,5,5
14538,5,5,5,5,4,5,5,5
14540,5,5,4,4,4,5,5,5
14543,5,5,1,1,1,1,1,1
14550,5,5,4,1,4,1,4,4
14551,5,5,5,1,5,5,5,5
14552,5,5,1,5,1,5,5,5
14558,5,5,2,2,2,2,5,2
14567,5,5,1,5,1,5,5,5
14570,5,5,4,4,3,5,3,3
14573,5,5,5,5,5,5,5,5
14576,5,5,5,4,5,5,5,5
14578,5,5,1,5,1,5,1,1
14583,5,5,5,5,5,5,5,5
14585,5,2,2,1,2,2,2,2
14591,5,5,4,4,4,5,5,5
14599,5,5,5,5,5,5,5,5
14619,5,5,5,2,4,5,5,5
14621,5,5,5,5,5,5,5,5
14626,5,5,4,5,4,4,5,4
14628,5,5,4,4,4,5,5,5
14630,5,5,5,5,5,5,5,5
14632,5,5,5,5,4,5,5,5
14634,5,5,5,1,5,5,5,5
14638,5,5,4,4,4,5,5,5
14641,5,5,5,5,5,5,5,5
14647,5,4,4,5,5,4,4,4
14648,5,3,3,3,3,4,3,3
14650,5,4,1,1,1,4,1,1
14653,5,5,2,4,2,5,2,2
14658,5,5,4,4,4,5,5,5
14664,5,2,4,1,2,2,2,2
14667,5,1,1,1,1,5,1,1
14676,5,5,5,1,5,5,5,5
14677,5,5,5,5,5,5,5,5
14685,5,5,5,5,5,1,5,5
14686,5,4,5,5,5,4,5,4
14689,5,5,5,3,4,5,5,5
14690,5,4,4,4,4,4,5,4
14701,5,4,4,4,4,4,4,4
14702,5,5,5,1,5,4,4,4
14704,5,5,5,5,5,5,5,5
14710,5,5,3,3,3,5,5,5
14711,5,5,3,3,3,5,5,5
14717,5,5,5,5,5,5,5,5
14726,5,5,5,5,5,5,5,5
14727,5,1,1,1,1,1,1,1
14730,5,5,5,3,5,5,5,5
14746,5,4,5,3,4,5,4,4
14750,5,5,5,5,5,5,4,5
14751,5,5,5,3,5,5,5,5
14754,5,3,3,4,3,3,3,3
14755,5,5,5,5,5,5,5,5
14761,5,3,3,3,3,3,3,3
14766,5,5,5,5,5,5,5,5
14780,5,5,4,3,4,5,4,4
14784,5,5,5,5,5,5,5,5
14793,5,3,3,4,3,3,3,3
14796,5,5,5,5,5,5,5,5
14803,5,5,5,5,5,5,5,5
14804,5,5,5,5,5,5,5,5
14805,5,5,5,5,5,5,5,5
14807,5,5,4,4,4,5,5,5
14810,5,1,1,1,1,1,1,1
14811,5,5,3,3,3,5,5,5
14814,5,4,4,1,4,4,4,4
14816,5,5,5,5,5,5,5,5
14820,5,5,3,4,3,5,3,3
14841,5,1,5,5,5,1,1,1
14854,5,5,5,3,5,5,5,5
14857,5,4,4,1,4,4,4,4
14859,5,5,5,5,5,5,5,5
14869,5,5,5,5,5,5,5,5
14875,5,5,3,3,3,5,4,5
14878,5,5,5,5,5,5,5,5
14880,5,5,5,5,5,5,5,5
14882,5,5,5,5,5,5,5,5
14883,5,5,5,5,5,5,5,5
14893,5,5,5,5,5,5,5,5
14898,5,5,5,5,5,5,5,5
14901,5,5,5,5,4,5,5,5
14906,5,5,3,3,4,5,5,5
14908,5,5,4,1,4,5,5,5
14914,5,5,5,5,5,5,5,5
14918,5,5,5,4,5,5,5,5
14930,5,5,5,5,5,5,5,5
14935,5,5,1,5,1,5,5,5
14936,5,5,3,3,3,5,5,5
14937,5,5,3,4,3,5,5,5
14943,5,5,5,4,5,5,5,5
14953,5,5,5,4,5,5,5,5
14955,5,5,1,5,1,5,5,5
14964,5,5,5,5,5,5,5,5
14966,5,5,5,5,5,5,5,5
14977,5,4,3,3,4,5,5,4
14980,5,5,1,5,1,5,5,5
14985,5,5,5,5,5,5,5,5
14986,5,5,5,5,5,5,5,5
14989,5,5,5,1,5,1,1,1
14992,5,5,4,4,4,5,5,5
14994,5,5,5,5,5,5,5,5
14995,5,1,1,1,1,1,1,1
14996,5,1,1,1,1,1,1,1
14999,5,5,4,1,1,5,1,1
15001,5,5,5,5,5,5,5,5
15003,5,4,4,4,4,3,4,4
15014,5,5,5,5,5,5,5,5
15022,5,5,5,5,5,5,5,5
15024,5,5,5,4,5,5,5,5
15032,5,5,5,5,5,5,5,5
15037,5,5,5,3,5,5,5,5
15042,5,5,5,5,5,5,5,5
15044,5,5,5,5,5,1,1,1
15052,5,5,5,5,5,5,5,5
15054,5,5,5,5,5,5,5,5
15058,5,4,4,3,4,4,5,4
15065,5,5,5,1,5,5,5,5
15066,5,5,5,1,5,5,5,5
15067,5,5,5,5,5,5,5,5
15070,5,5,4,1,4,5,5,5
15077,5,5,1,5,1,5,5,5
15081,5,5,5,5,5,5,5,5
15091,5,5,5,4,5,5,5,5
15097,5,5,5,5,5,5,5,5
15100,5,5,4,4,4,5,4,4
15104,5,5,1,3,5,5,5,5
15105,5,1,1,1,1,1,5,1
15106,5,1,1,1,1,1,1,1
15116,5,5,1,5,1,5,5,5
15134,5,5,5,5,5,5,5,5
15135,5,4,5,4,3,5,4,4
15139,5,5,4,4,3,5,5,5
15143,5,5,5,5,5,5,5,5
15144,5,2,1,1,1,2,2,2
15154,5,5,5,5,5,5,5,5
15158,5,5,1,1,1,1,1,1
15159,5,5,3,5,3,5,5,5
15165,5,5,5,5,4,4,5,4
15187,5,5,4,4,4,5,4,4
15188,5,5,5,4,5,5,5,5
15190,5,5,1,5,1,5,1,1
15196,5,5,5,5,5,5,5,5
15198,5,4,4,1,4,5,4,4
15205,5,5,5,1,5,5,5,5
15207,5,5,5,5,5,5,5,5
15209,5,4,4,1,4,4,4,4
15231,5,4,4,2,3,4,4,4
15234,5,3,3,3,3,3,3,3
15235,5,3,3,3,3,3,3,3
15250,5,5,4,5,4,5,5,5
15251,5,4,3,4,3,4,4,4
15253,5,5,4,1,4,5,5,5
15259,5,4,5,4,3,5,4,4
15261,5,1,1,5,1,1,4,1
15267,5,5,5,3,5,5,5,5
15269,5,4,2,1,1,5,4,4
15277,5,5,4,1,4,5,4,4
15279,5,5,5,5,5,5,5,5
15282,5,5,5,5,5,5,5,5
15301,5,5,5,5,5,5,5,5
15308,5,1,1,5,5,1,1,1
15317,5,5,5,5,5,5,5,5
15319,5,3,3,4,3,3,3,3
15322,5,5,3,3,5,4,5,5
15326,5,5,5,5,5,5,5,5
15330,5,5,5,1,5,5,5,5
15331,5,5,1,5,5,5,5,5
15333,5,3,3,3,3,5,3,3
15337,5,5,5,4,5,5,5,5
15352,5,5,4,4,3,3,5,3
15355,5,5,5,5,5,5,5,5
15357,5,5,4,4,4,5,5,5
15364,5,5,5,4,4,5,5,5
15376,5,5,5,1,5,5,5,5
15378,5,5,5,5,5,5,5,5
15380,5,5,5,1,5,4,4,4
15393,5,5,1,5,1,5,5,5
15398,5,5,5,5,5,5,5,5
15400,5,5,4,5,4,5,5,5
15406,5,5,3,4,3,5,3,3
15409,5,5,5,5,5,5,5,5
15415,5,5,1,5,5,5,5,5
15425,5,1,5,1,5,4,1,1
15427,5,5,1,5,1,5,5,5
15430,5,5,4,1,4,5,5,5
15435,5,4,5,1,5,5,4,4
15436,5,5,5,5,5,5,5,5
15439,5,3,3,3,3,5,3,3
15446,5,4,4,1,4,1,1,1
15450,5,4,4,1,4,3,1,4
15454,5,5,5,5,5,5,5,5
15463,5,5,5,5,5,5,5,5
15468,5,5,1,5,1,5,5,5
15478,5,5,1,5,1,5,5,5
15486,5,5,4,5,4,5,5,5
15489,5,5,1,1,1,5,1,1
15491,5,3,3,3,3,5,3,3
15502,5,5,4,4,3,5,5,5
15506,5,5,5,5,5,5,5,5
15515,5,4,2,2,1,4,4,4
15516,5,5,5,2,5,5,5,5
15530,5,5,5,4,5,5,5,5
15534,5,5,3,4,3,5,5,5
15536,5,5,4,1,4,5,4,4
15542,5,5,5,5,5,5,5,5
15559,5,5,5,5,5,5,5,5
15560,5,5,5,5,5,5,5,5
15561,5,5,4,5,4,5,5,5
15569,5,5,5,5,5,5,5,5
15571,5,5,5,5,5,5,5,5
15574,5,5,5,1,5,5,5,5
15583,5,2,4,4,4,2,4,2
15587,5,5,1,5,1,5,5,5
15589,5,5,4,4,4,5,5,5
15603,5,5,5,5,5,5,5,5
15606,5,5,5,1,5,5,5,5
15609,5,5,4,4,3,5,5,5
15612,5,5,5,5,5,5,5,5
15613,5,5,5,5,5,5,5,5
15620,5,5,4,4,4,5,5,5
15621,5,5,5,4,5,5,5,5
15622,5,5,5,5,5,5,5,5
15625,5,5,5,5,5,5,5,5
15626,5,1,1,1,1,1,1,1
15636,5,4,4,4,4,4,4,4
15639,5,5,5,1,5,5,5,5
15641,5,5,5,3,5,5,5,5
15646,5,5,5,5,5,5,5,5
15652,5,5,4,5,4,1,1,1
15656,5,5,5,5,5,5,5,5
15665,5,5,5,5,5,5,5,5
15671,5,5,1,5,1,5,5,5
15677,5,5,5,5,5,5,5,5
15690,5,5,5,1,5,5,5,5
15692,5,1,1,1,2,1,1,1
15699,5,5,4,4,4,5,1,5
15709,5,5,5,5,4,5,5,5
15727,5,5,5,1,5,5,5,5
15731,5,1,2,1,4,1,1,1
15737,5,1,4,1,4,1,1,1
15745,5,5,5,5,5,5,5,5
15751,5,5,5,2,5,5,5,5
15757,5,5,5,1,5,5,5,5
15759,5,5,5,5,5,5,5,5
15766,5,4,3,4,3,4,4,4
15769,5,1,1,1,1,1,1,1
15773,5,5,2,5,1,5,5,5
15774,5,4,1,1,1,1,1,1
15775,5,5,5,2,5,5,5,5
15782,5,5,4,3,5,4,5,5
15787,5,5,5,5,5,5,5,5
15791,5,5,1,1,1,5,5,5
15793,5,4,5,3,5,4,4,4
15806,5,5,5,1,5,5,5,5
15810,5,5,5,5,5,5,5,5
15812,5,5,1,1,1,5,5,5
15813,5,5,5,5,5,5,5,5
15815,5,5,4,4,4,5,5,5
15819,5,5,4,5,4,5,5,5
15822,5,5,5,5,5,5,5,5
15823,5,5,1,1,1,5,5,5
15830,5,5,5,5,5,5,5,5
15839,5,5,5,2,5,5,5,5
15844,5,5,1,1,5,5,5,5
15845,5,5,1,5,5,5,5,5
15859,5,5,4,4,5,5,5,5
15860,5,5,5,5,5,5,5,5
15861,5,5,5,5,5,5,5,5
15863,5,1,4,5,5,1,1,1
15867,5,5,1,5,5,5,5,5
15874,5,5,2,1,2,5,4,5
15876,5,5,5,1,5,5,5,5
15886,5,5,5,5,5,5,5,5
15892,5,5,5,1,5,5,5,5
15902,5,5,5,1,5,5,5,5
15907,5,1,5,1,5,5,5,5
15909,5,5,4,4,4,5,5,5
15911,5,5,5,5,5,5,5,5
15912,5,5,5,5,5,5,5,5
15914,5,5,4,4,5,5,5,5
15916,5,5,1,5,5,5,5,5
15920,5,5,4,4,4,5,5,5
15922,5,5,5,5,5,5,5,5
15928,5,5,1,5,4,5,5,5
15929,5,5,4,4,4,5,5,5
15931,5,5,5,1,5,5,5,5
15934,5,5,4,5,4,5,5,5
15936,5,5,5,5,5,5,5,5
15941,5,5,4,1,4,5,5,5
15959,5,5,1,5,1,5,5,5
15960,5,5,5,3,5,5,5,5
15963,5,5,5,1,5,5,5,5
15965,5,5,5,5,5,5,5,5
15975,5,5,5,5,5,5,5,5
15978,5,5,5,1,5,5,5,5
15980,5,5,1,5,1,5,5,5
15984,5,5,5,5,5,5,5,5
15988,5,5,5,4,5,5,5,5
15996,5,2,2,2,2,5,5,2
15998,5,5,5,5,5,5,5,5
16003,5,5,4,4,4,5,5,5
16004,5,5,5,1,5,5,5,5
16006,5,5,5,5,5,5,5,5
16007,5,5,5,4,4,5,5,5
16009,5,5,5,1,5,5,5,5
16012,5,3,3,3,3,5,3,3
16023,5,5,4,4,4,5,4,4
16034,5,5,1,3,4,5,5,5
16036,5,5,5,5,5,5,5,5
16042,5,5,1,1,1,5,5,5
16043,5,5,1,5,1,1,1,1
16045,5,3,4,1,4,3,4,3
16051,5,5,5,1,5,5,5,5
16065,5,4,3,3,3,4,3,3
16067,5,5,4,1,5,5,5,5
16069,5,5,5,1,5,4,4,4
16077,5,5,5,5,5,5,5,5
16083,5,4,5,1,5,4,4,4
16089,5,5,5,5,5,5,5,5
16092,5,5,4,5,2,5,4,5
16103,5,5,4,1,4,5,5,5
16107,5,5,1,5,4,5,5,5
16113,5,5,4,5,4,5,5,5
16118,5,5,4,3,4,5,5,5
16121,5,5,5,5,5,5,5,5
16122,5,5,5,5,5,5,5,5
16124,5,5,4,5,5,5,5,5
16127,5,5,1,5,1,5,5,5
16135,5,5,5,4,5,5,5,5
16138,5,5,1,5,1,5,5,5
16146,5,5,5,1,5,5,5,5
16148,5,5,1,5,1,5,5,5
16154,5,5,5,3,5,5,5,5
16157,5,5,5,5,5,5,5,5
16158,5,5,5,5,5,5,5,5
16159,5,5,5,3,5,5,5,5
16172,5,5,5,1,4,5,5,5
16178,5,5,5,3,5,5,5,5
16179,5,4,5,3,5,4,4,4
16180,5,5,4,4,4,5,4,4
16181,5,5,4,1,4,5,4,4
16185,5,5,4,5,4,5,4,4
16188,5,5,1,5,1,5,5,5
16191,5,5,5,4,5,5,5,5
16194,5,5,5,5,5,5,5,5
16197,5,5,5,5,5,5,5,5
16208,5,5,5,5,5,5,5,5
16209,5,5,1,5,1,5,5,5
16217,5,5,5,5,5,5,5,5
16225,5,5,4,3,4,5,5,5
16235,5,5,1,5,5,5,5,5
16236,5,3,5,3,5,5,5,5
16237,5,1,1,1,1,1,1,1
16244,5,3,3,4,3,3,3,3
16258,5,5,5,4,5,5,3,5
16259,5,5,5,1,5,5,5,5
16261,5,5,5,5,5,5,5,5
16274,5,5,5,5,5,5,5,5
16281,5,5,5,5,5,5,5,5
16284,5,5,5,4,5,5,5,5
16290,5,4,4,1,4,5,5,4
16292,5,5,5,5,5,1,5,5
16293,5,5,4,4,5,4,4,4
16301,5,5,5,5,5,5,5,5
16306,5,5,5,1,5,5,5,5
16309,5,5,3,3,3,5,5,5
16311,5,5,4,1,4,5,5,5
16313,5,5,5,5,5,5,5,5
16315,5,5,5,5,4,5,5,5
16317,5,5,5,1,5,5,5,5
16322,5,5,5,1,5,5,5,5
16324,5,5,5,5,5,5,5,5
16326,5,5,4,4,4,5,5,5
16327,5,5,5,1,5,5,5,5
16334,5,5,5,5,5,5,5,5
16335,5,5,5,5,5,5,5,5
16349,5,3,3,1,3,4,3,3
16350,5,5,5,3,5,5,4,5
16359,5,5,5,4,5,4,5,5
16378,5,5,4,5,5,5,5,5
16380,5,5,5,5,5,5,5,5
16382,5,4,5,3,5,4,5,4
16385,5,5,5,1,5,5,5,5
16389,5,5,5,5,5,5,5,5
16393,5,5,4,4,4,5,5,5
16394,5,5,5,4,5,5,5,5
16401,5,5,5,3,5,5,5,5
16408,5,5,4,5,4,5,5,5
16412,5,5,1,5,1,5,5,5
16413,5,4,5,3,5,4,4,4
16415,5,5,4,1,5,5,5,5
16420,5,5,5,5,5,5,5,5
16421,5,5,5,5,5,5,5,5
16423,5,4,4,4,4,5,4,4
16427,5,5,5,5,5,5,5,5
16429,5,1,4,5,5,1,1,1
16430,5,5,5,5,5,5,5,5
16435,5,5,4,4,4,5,3,5
16453,5,5,5,5,5,5,5,5
16454,5,4,5,3,5,4,4,4
16460,5,5,4,4,4,5,5,5
16464,5,5,5,3,5,4,4,4
16473,5,5,1,5,5,5,5,5
16474,5,5,5,3,5,5,5,5
16477,5,5,5,1,5,5,5,5
16486,5,5,4,4,4,5,5,5
16487,5,5,5,1,5,5,5,5
16489,5,5,5,5,5,5,5,5
16492,5,5,1,5,1,4,1,1
16499,5,5,5,5,5,5,5,5
16503,5,5,5,5,5,5,5,5
16504,5,5,5,5,5,5,5,5
16505,5,5,5,3,5,5,5,5
16512,5,5,5,5,5,5,5,5
16513,5,5,1,1,1,5,1,1
16518,5,5,5,1,5,5,5,5
16520,5,5,5,5,5,5,5,5
16526,5,5,4,3,4,5,5,5
16531,5,5,5,5,5,5,5,5
16558,5,5,4,4,4,5,5,5
16562,5,5,5,5,5,5,5,5
16565,5,5,5,5,5,5,5,5
16591,5,5,5,5,5,5,5,5
16599,5,5,4,3,5,5,5,5
16624,5,5,5,5,5,5,5,5
16625,5,5,5,5,5,5,5,5
16638,5,5,4,4,4,5,5,5
16643,5,5,5,5,5,5,5,5
16647,5,5,1,5,5,5,5,5
16660,5,5,4,4,3,4,3,3
16670,5,5,3,4,3,5,5,5
16671,5,1,1,1,1,5,1,1
16672,5,5,5,2,5,5,5,5
16681,5,5,4,4,4,5,5,5
16682,5,1,1,1,1,1,1,1
16684,5,5,5,5,5,5,5,5
16687,5,5,5,1,5,5,5,5
16689,5,5,1,5,4,5,5,5
16690,5,5,4,3,4,5,5,5
16697,5,5,5,1,5,5,5,5
16707,5,5,5,1,5,5,5,5
16708,5,5,5,5,5,5,5,5
16710,5,4,5,3,4,4,4,4
16713,5,4,5,1,5,5,5,5
16714,5,5,5,5,5,5,5,5
16718,5,5,5,5,5,5,5,5
16722,5,5,5,4,5,5,5,5
16732,5,5,5,1,5,5,5,5
16733,5,5,5,2,1,5,5,5
16736,5,4,4,4,4,5,5,4
16741,5,5,4,4,4,5,5,5
16746,5,5,4,5,4,5,5,5
16747,5,5,5,4,5,5,5,5
16753,5,5,5,1,4,5,5,5
16757,5,5,5,5,5,5,5,5
16761,5,5,4,3,4,5,5,5
16764,5,5,5,5,5,5,5,5
16772,5,5,1,5,1,5,5,5
16778,5,5,5,5,5,5,5,5
16780,5,5,4,1,4,5,5,5
16781,5,5,5,5,5,5,5,5
16783,5,5,1,5,5,5,5,5
16787,5,1,1,1,1,1,1,1
16788,5,5,5,2,5,5,5,5
16791,5,5,4,1,4,5,4,4
16793,5,1,1,1,1,4,1,1
16795,5,5,1,3,4,5,5,5
16797,5,4,4,1,4,4,4,4
16801,5,5,4,1,4,5,2,5
16805,5,5,1,5,1,5,5,5
16810,5,5,5,5,5,5,5,5
16814,5,5,5,1,5,5,5,5
16819,5,5,5,4,5,5,5,5
16820,5,5,5,5,5,5,5,5
16825,5,5,1,1,1,5,5,5
16827,5,5,3,3,3,5,5,5
16856,5,5,5,1,5,5,5,5
16859,5,5,3,3,3,5,5,5
16861,5,5,5,1,5,5,5,5
16863,5,5,5,5,5,5,5,5
16891,5,5,5,5,5,5,5,5
16894,5,5,5,4,5,5,5,5
16895,5,5,5,5,5,5,5,5
16912,5,5,5,5,5,5,5,5
16913,5,4,4,4,4,5,5,4
16915,5,5,5,5,5,5,5,5
16918,5,5,5,3,5,5,4,5
16920,5,5,5,4,5,5,5,5
16921,5,5,5,5,5,5,5,5
16922,5,5,5,5,5,5,5,5
16933,5,5,5,5,5,5,5,5
16949,5,1,1,1,1,5,1,1
16956,5,4,5,4,3,4,4,4
16960,5,5,4,4,4,5,5,5
16963,5,5,5,5,5,5,5,5
16970,5,4,4,4,4,5,5,4
16976,5,5,4,5,4,5,5,5
16980,5,5,1,5,4,1,5,5
16999,5,5,5,5,5,5,5,5
17005,5,5,5,5,5,5,5,5
17011,5,5,1,5,1,5,5,5
17019,5,3,5,4,5,3,5,3
17034,5,3,4,1,4,3,4,3
17037,5,5,5,5,5,5,5,5
17060,5,5,5,5,5,5,5,5
17062,5,5,5,5,5,5,5,5
17063,5,5,1,5,5,5,5,5
17065,5,5,3,3,3,5,5,5
17073,5,5,1,1,1,5,5,5
17074,5,5,1,5,1,5,5,5
17077,5,5,4,4,4,5,5,5
17082,5,5,5,4,5,5,5,5
17084,5,5,1,1,5,5,5,5
17085,5,5,5,5,5,5,5,5
17094,5,5,5,5,5,5,5,5
